timestamp,type,class,valid_blocks,total_blocks,valid_ratio
440401936,evict_victim_age_dist,0,966412,1572864,0.614428
441974793,evict_victim_age_dist,0,1245940,1572864,0.792147
443547655,evict_victim_age_dist,0,1008312,1572864,0.641068
445120520,evict_victim_age_dist,0,906281,1572864,0.576198
446693384,evict_victim_age_dist,0,1094527,1572864,0.695882
448266241,evict_victim_age_dist,0,965708,1572864,0.613981
449839116,evict_victim_age_dist,0,815620,1572864,0.518557
451411973,evict_victim_age_dist,0,747348,1572864,0.475151
452984845,gc_victim_age_dist,0,715108,1572864,0.454653
453924339,gc_victim_age_dist,0,363024,1572864,0.230804
454215153,gc_victim_age_dist,0,347846,1572864,0.221155
454557704,gc_victim_age_dist,0,351574,1572864,0.223525
454845287,gc_victim_age_dist,0,249496,1572864,0.158625
456130565,gc_victim_age_dist,0,508844,1572864,0.323514
457703435,gc_victim_age_dist,0,42680,1572864,0.027135
459276296,gc_victim_age_dist,0,179059,1572864,0.113843
460849168,gc_victim_age_dist,0,202146,1572864,0.128521
462422023,gc_victim_age_dist,0,232766,1572864,0.147989
463994894,gc_victim_age_dist,0,260680,1572864,0.165736
465567758,gc_victim_age_dist,0,329368,1572864,0.209407
465858385,gc_victim_age_dist,0,413888,1572864,0.263143
467140623,gc_victim_age_dist,0,407442,1572864,0.259045
468713479,gc_victim_age_dist,0,382420,1572864,0.243136
469048097,gc_victim_age_dist,0,139013,1572864,0.088382
470286346,gc_victim_age_dist,0,206992,1572864,0.131602
471859214,gc_victim_age_dist,0,222456,1572864,0.141434
473432073,gc_victim_age_dist,0,196140,1572864,0.124702
475004943,gc_victim_age_dist,0,328445,1572864,0.208820
476577796,gc_victim_age_dist,0,327514,1572864,0.208228
478150672,gc_victim_age_dist,0,85614,1572864,0.054432
479723534,gc_victim_age_dist,0,263344,1572864,0.167430
481296398,gc_victim_age_dist,0,416072,1572864,0.264531
481653327,gc_victim_age_dist,0,272238,1572864,0.173084
481892948,gc_victim_age_dist,0,231516,1572864,0.147194
482869257,gc_victim_age_dist,0,47171,1572864,0.029991
484442126,gc_victim_age_dist,0,261044,1572864,0.165967
486014992,gc_victim_age_dist,0,304994,1572864,0.193910
487587855,gc_victim_age_dist,0,269044,1572864,0.171054
489160708,gc_victim_age_dist,0,407279,1572864,0.258941
490733569,evict_victim_age_dist,0,355388,1572864,0.225950
492306440,evict_victim_age_dist,0,793412,1572864,0.504438
493879307,evict_victim_age_dist,0,847844,1572864,0.539045
495452168,evict_victim_age_dist,0,862331,1572864,0.548255
497025028,evict_victim_age_dist,0,708537,1572864,0.450476
498597893,evict_victim_age_dist,0,304400,1572864,0.193532
500170760,evict_victim_age_dist,0,660822,1572864,0.420139
501743626,evict_victim_age_dist,0,536962,1572864,0.341391
503316491,gc_victim_age_dist,0,168470,1572864,0.107110
504889347,gc_victim_age_dist,0,261296,1572864,0.166128
505087131,gc_victim_age_dist,0,317298,1572864,0.201733
506462221,gc_victim_age_dist,0,274272,1572864,0.174377
508035082,gc_victim_age_dist,0,206388,1572864,0.131218
508192773,gc_victim_age_dist,0,327012,1572864,0.207909
509607944,gc_victim_age_dist,0,496559,1572864,0.315704
511180810,gc_victim_age_dist,0,361140,1572864,0.229607
512753666,gc_victim_age_dist,0,268376,1572864,0.170629
514326544,gc_victim_age_dist,0,513528,1572864,0.326492
515899399,gc_victim_age_dist,0,445393,1572864,0.283173
516287725,gc_victim_age_dist,0,403040,1572864,0.256246
516625722,gc_victim_age_dist,0,396850,1572864,0.252310
517472265,gc_victim_age_dist,0,37256,1572864,0.023687
519045132,gc_victim_age_dist,0,428597,1572864,0.272495
520617988,gc_victim_age_dist,0,551001,1572864,0.350317
522190853,gc_victim_age_dist,0,478544,1572864,0.304250
523763728,gc_victim_age_dist,0,594284,1572864,0.377836
524533511,gc_victim_age_dist,0,587080,1572864,0.373255
525367490,gc_victim_age_dist,0,399036,1572864,0.253700
525724810,gc_victim_age_dist,0,601606,1572864,0.382491
526909454,gc_victim_age_dist,0,509698,1572864,0.324057
528482305,evict_victim_age_dist,0,645302,1572864,0.410272
530055181,evict_victim_age_dist,0,721562,1572864,0.458757
531628045,evict_victim_age_dist,0,529008,1572864,0.336334
533200912,evict_victim_age_dist,0,61072,1572864,0.038829
534773774,evict_victim_age_dist,0,772966,1572864,0.491439
536346633,evict_victim_age_dist,0,723368,1572864,0.459905
537919504,evict_victim_age_dist,0,772490,1572864,0.491136
539492356,evict_victim_age_dist,0,653188,1572864,0.415286
541065221,gc_victim_age_dist,0,534934,1572864,0.340102
542638082,gc_victim_age_dist,0,86115,1572864,0.054750
544210959,gc_victim_age_dist,0,500476,1572864,0.318194
544982006,gc_victim_age_dist,0,407005,1572864,0.258767
545783817,gc_victim_age_dist,0,358370,1572864,0.227846
547356676,gc_victim_age_dist,0,564578,1572864,0.358949
548929547,gc_victim_age_dist,0,106345,1572864,0.067612
550502410,gc_victim_age_dist,0,525768,1572864,0.334274
552075274,gc_victim_age_dist,0,650491,1572864,0.413571
552899421,gc_victim_age_dist,0,560504,1572864,0.356359
553738635,gc_victim_age_dist,0,564624,1572864,0.358978
554543315,gc_victim_age_dist,0,600280,1572864,0.381648
555326582,gc_victim_age_dist,0,45497,1572864,0.028926
555361167,gc_victim_age_dist,0,201584,1572864,0.128164
555531195,gc_victim_age_dist,0,623156,1572864,0.396192
556512369,gc_victim_age_dist,0,519167,1572864,0.330077
557306328,gc_victim_age_dist,0,225764,1572864,0.143537
558366729,gc_victim_age_dist,0,609727,1572864,0.387654
559939599,gc_victim_age_dist,0,458753,1572864,0.291667
561512464,gc_victim_age_dist,0,383232,1572864,0.243652
561835095,gc_victim_age_dist,0,627308,1572864,0.398832
563085323,gc_victim_age_dist,0,531540,1572864,0.337944
564658192,gc_victim_age_dist,0,579860,1572864,0.368665
565519689,gc_victim_age_dist,0,278545,1572864,0.177094
566231044,evict_victim_age_dist,0,343023,1572864,0.218088
567803914,evict_victim_age_dist,0,1095861,1572864,0.696730
569376777,evict_victim_age_dist,0,729750,1572864,0.463963
570949644,evict_victim_age_dist,0,798766,1572864,0.507842
572522501,evict_victim_age_dist,0,839657,1572864,0.533840
574095362,evict_victim_age_dist,0,840731,1572864,0.534522
575668231,evict_victim_age_dist,0,783318,1572864,0.498020
577241097,evict_victim_age_dist,0,351002,1572864,0.223161
578813968,gc_victim_age_dist,0,491797,1572864,0.312676
580386820,gc_victim_age_dist,0,130784,1572864,0.083150
581959686,gc_victim_age_dist,0,491264,1572864,0.312337
583532550,gc_victim_age_dist,0,357386,1572864,0.227220
585105412,gc_victim_age_dist,0,555856,1572864,0.353404
586074013,gc_victim_age_dist,0,585995,1572864,0.372566
587095774,gc_victim_age_dist,0,606570,1572864,0.385647
588251139,gc_victim_age_dist,0,616480,1572864,0.391947
589184179,gc_victim_age_dist,0,226312,1572864,0.143885
589824004,gc_victim_age_dist,0,567697,1572864,0.360932
591396866,gc_victim_age_dist,0,597536,1572864,0.379903
592969744,gc_victim_age_dist,0,355040,1572864,0.225728
594542601,gc_victim_age_dist,0,511824,1572864,0.325409
595393706,gc_victim_age_dist,0,543008,1572864,0.345235
596215778,gc_victim_age_dist,0,542626,1572864,0.344992
597108816,gc_victim_age_dist,0,532484,1572864,0.338544
598042486,gc_victim_age_dist,0,638877,1572864,0.406187
599261194,gc_victim_age_dist,0,696000,1572864,0.442505
600190591,gc_victim_age_dist,12,522985,1572864,0.332505
600834053,gc_victim_age_dist,0,289338,1572864,0.183956
602406920,gc_victim_age_dist,0,391898,1572864,0.249162
602766944,gc_victim_age_dist,0,668114,1572864,0.424775
603979786,evict_victim_age_dist,0,913630,1572864,0.580870
605552653,evict_victim_age_dist,0,732225,1572864,0.465536
607125505,evict_victim_age_dist,0,990901,1572864,0.629998
608698384,evict_victim_age_dist,0,944332,1572864,0.600390
610271244,evict_victim_age_dist,0,709912,1572864,0.451350
611844099,evict_victim_age_dist,0,705144,1572864,0.448318
613416965,evict_victim_age_dist,0,591172,1572864,0.375857
614989838,evict_victim_age_dist,0,189248,1572864,0.120321
616562694,evict_victim_age_dist,0,874786,1572864,0.556174
618135567,evict_victim_age_dist,0,649406,1572864,0.412881
619708422,evict_victim_age_dist,0,408926,1572864,0.259988
621281281,evict_victim_age_dist,0,772323,1572864,0.491030
622854146,evict_victim_age_dist,0,835949,1572864,0.531482
624427011,evict_victim_age_dist,0,925732,1572864,0.588565
625999876,evict_victim_age_dist,0,1186794,1572864,0.754543
627572747,evict_victim_age_dist,0,338312,1572864,0.215093
629145601,evict_victim_age_dist,0,916428,1572864,0.582649
630718470,evict_victim_age_dist,0,1121012,1572864,0.712720
632291336,evict_victim_age_dist,0,814000,1572864,0.517527
633864206,evict_victim_age_dist,0,1226384,1572864,0.779714
635437066,evict_victim_age_dist,0,1091988,1572864,0.694267
637009924,evict_victim_age_dist,0,884564,1572864,0.562391
638582797,evict_victim_age_dist,0,863192,1572864,0.548803
640155658,evict_victim_age_dist,0,1014492,1572864,0.644997
641728520,gc_victim_age_dist,0,69792,1572864,0.044373
643301389,gc_victim_age_dist,0,137312,1572864,0.087301
644874255,gc_victim_age_dist,0,194888,1572864,0.123906
646447109,gc_victim_age_dist,0,199132,1572864,0.126605
648019969,gc_victim_age_dist,0,152664,1572864,0.097061
649592839,gc_victim_age_dist,0,66576,1572864,0.042328
651165702,gc_victim_age_dist,0,214912,1572864,0.136637
651336325,gc_victim_age_dist,0,69418,1572864,0.044135
652738575,gc_victim_age_dist,0,259885,1572864,0.165230
654311437,evict_victim_age_dist,0,1124192,1572864,0.714742
655884290,evict_victim_age_dist,0,679496,1572864,0.432012
657457154,evict_victim_age_dist,0,1058181,1572864,0.672773
659030022,evict_victim_age_dist,0,896507,1572864,0.569984
660602889,evict_victim_age_dist,0,286028,1572864,0.181852
662175753,evict_victim_age_dist,0,1495031,1572864,0.950515
663748609,evict_victim_age_dist,0,1501360,1572864,0.954539
665321488,evict_victim_age_dist,0,1415692,1572864,0.900073
666894349,evict_victim_age_dist,0,978860,1572864,0.622342
668467216,evict_victim_age_dist,0,1048754,1572864,0.666780
670040074,evict_victim_age_dist,0,797990,1572864,0.507348
671612933,evict_victim_age_dist,0,871062,1572864,0.553806
673185806,evict_victim_age_dist,0,832858,1572864,0.529517
674758667,evict_victim_age_dist,0,361812,1572864,0.230034
676331528,evict_victim_age_dist,0,650178,1572864,0.413372
677904397,evict_victim_age_dist,0,851942,1572864,0.541650
679477256,evict_victim_age_dist,0,868621,1572864,0.552254
681050127,evict_victim_age_dist,0,976515,1572864,0.620852
682622981,evict_victim_age_dist,0,799248,1572864,0.508148
684195847,evict_victim_age_dist,0,1281008,1572864,0.814443
685768717,evict_victim_age_dist,0,519196,1572864,0.330096
687341582,evict_victim_age_dist,0,549436,1572864,0.349322
688914439,evict_victim_age_dist,0,886872,1572864,0.563858
690487311,evict_victim_age_dist,0,947048,1572864,0.602117
692060168,gc_victim_age_dist,0,23788,1572864,0.015124
693633037,gc_victim_age_dist,0,45656,1572864,0.029027
695205896,gc_victim_age_dist,0,76252,1572864,0.048480
696778759,gc_victim_age_dist,0,81704,1572864,0.051946
698351619,gc_victim_age_dist,0,86006,1572864,0.054681
699924481,gc_victim_age_dist,0,16882,1572864,0.010733
701497359,gc_victim_age_dist,0,226737,1572864,0.144156
703070214,gc_victim_age_dist,0,112058,1572864,0.071245
704643078,evict_victim_age_dist,0,928552,1572864,0.590357
706215948,evict_victim_age_dist,0,973452,1572864,0.618904
707788811,evict_victim_age_dist,0,1156124,1572864,0.735044
709361673,evict_victim_age_dist,0,635238,1572864,0.403873
710934535,evict_victim_age_dist,0,1024730,1572864,0.651506
712507400,evict_victim_age_dist,0,852896,1572864,0.542257
714080266,evict_victim_age_dist,0,843704,1572864,0.536413
715653133,evict_victim_age_dist,0,503686,1572864,0.320235
717225990,evict_victim_age_dist,0,987514,1572864,0.627844
718798851,evict_victim_age_dist,0,1024428,1572864,0.651314
720371716,evict_victim_age_dist,0,732224,1572864,0.465535
721944586,evict_victim_age_dist,11,1509336,1572864,0.959610
723517446,evict_victim_age_dist,0,478276,1572864,0.304080
725090308,evict_victim_age_dist,0,1306208,1572864,0.830465
726663180,evict_victim_age_dist,0,783762,1572864,0.498302
728236033,evict_victim_age_dist,0,762738,1572864,0.484936
729808906,evict_victim_age_dist,0,612192,1572864,0.389221
731381762,evict_victim_age_dist,11,1519040,1572864,0.965780
732954632,evict_victim_age_dist,0,1000656,1572864,0.636200
734527492,evict_victim_age_dist,0,759972,1572864,0.483177
736100358,evict_victim_age_dist,0,1118198,1572864,0.710931
737673220,evict_victim_age_dist,11,1555512,1572864,0.988968
739246096,evict_victim_age_dist,0,993912,1572864,0.631912
740818956,evict_victim_age_dist,0,865748,1572864,0.550428
742391813,gc_victim_age_dist,0,24288,1572864,0.015442
743964684,gc_victim_age_dist,0,31424,1572864,0.019979
745537543,gc_victim_age_dist,0,35472,1572864,0.022552
747110411,gc_victim_age_dist,0,109994,1572864,0.069932
748683276,gc_victim_age_dist,0,72650,1572864,0.046190
750256138,gc_victim_age_dist,0,130752,1572864,0.083130
751828996,gc_victim_age_dist,0,138632,1572864,0.088140
753401861,gc_victim_age_dist,0,140520,1572864,0.089340
754974721,evict_victim_age_dist,0,899672,1572864,0.571996
756547592,evict_victim_age_dist,0,831814,1572864,0.528853
758120455,evict_victim_age_dist,0,888224,1572864,0.564718
759693319,evict_victim_age_dist,0,1114619,1572864,0.708656
761266183,evict_victim_age_dist,11,1451720,1572864,0.922979
762839041,evict_victim_age_dist,11,1486036,1572864,0.944796
764411906,evict_victim_age_dist,0,981847,1572864,0.624242
765984783,evict_victim_age_dist,0,784080,1572864,0.498505
767557638,gc_victim_age_dist,0,31000,1572864,0.019709
769130505,gc_victim_age_dist,0,153996,1572864,0.097908
770703366,gc_victim_age_dist,0,269344,1572864,0.171244
770952020,gc_victim_age_dist,0,221640,1572864,0.140915
772276233,gc_victim_age_dist,0,187520,1572864,0.119222
773849099,gc_victim_age_dist,0,167392,1572864,0.106425
775421960,gc_victim_age_dist,0,248697,1572864,0.158117
776994829,gc_victim_age_dist,0,210348,1572864,0.133736
777164288,gc_victim_age_dist,0,311780,1572864,0.198224
778567685,gc_victim_age_dist,0,334704,1572864,0.212799
780140548,evict_victim_age_dist,0,715437,1572864,0.454863
781713411,evict_victim_age_dist,0,1055915,1572864,0.671333
783286283,evict_victim_age_dist,0,562664,1572864,0.357732
784859143,evict_victim_age_dist,0,792653,1572864,0.503955
786432005,evict_victim_age_dist,0,936968,1572864,0.595708
788004869,evict_victim_age_dist,0,567456,1572864,0.360779
789577737,evict_victim_age_dist,0,673084,1572864,0.427935
791150600,evict_victim_age_dist,0,1251996,1572864,0.795998
792723472,evict_victim_age_dist,0,946820,1572864,0.601972
794296322,evict_victim_age_dist,0,1476186,1572864,0.938534
795869196,evict_victim_age_dist,0,1258944,1572864,0.800415
797442054,evict_victim_age_dist,0,1020473,1572864,0.648799
799014913,evict_victim_age_dist,0,864751,1572864,0.549794
800587777,evict_victim_age_dist,0,1151000,1572864,0.731786
802160645,evict_victim_age_dist,0,878296,1572864,0.558406
803733510,evict_victim_age_dist,0,1094951,1572864,0.696151
805306384,gc_victim_age_dist,0,140733,1572864,0.089476
806879243,gc_victim_age_dist,0,138400,1572864,0.087992
808452105,gc_victim_age_dist,0,138999,1572864,0.088373
810024972,gc_victim_age_dist,0,289828,1572864,0.184268
811597838,gc_victim_age_dist,0,207852,1572864,0.132149
813170703,gc_victim_age_dist,0,224284,1572864,0.142596
814743568,gc_victim_age_dist,0,238540,1572864,0.151660
816316420,gc_victim_age_dist,0,232036,1572864,0.147525
816499216,gc_victim_age_dist,0,271804,1572864,0.172808
817889283,evict_victim_age_dist,0,1015412,1572864,0.645582
819462148,evict_victim_age_dist,0,817712,1572864,0.519887
821035014,evict_victim_age_dist,0,795174,1572864,0.505558
822607881,evict_victim_age_dist,0,772030,1572864,0.490843
824180737,evict_victim_age_dist,0,731488,1572864,0.465068
825753611,evict_victim_age_dist,0,632276,1572864,0.401990
827326474,evict_victim_age_dist,0,849414,1572864,0.540043
828899338,evict_victim_age_dist,0,832185,1572864,0.529089
830472195,gc_victim_age_dist,0,94970,1572864,0.060380
832045066,gc_victim_age_dist,0,132192,1572864,0.084045
832159346,gc_victim_age_dist,0,270667,1572864,0.172085
833617933,gc_victim_age_dist,0,284642,1572864,0.180971
835190797,gc_victim_age_dist,0,330448,1572864,0.210093
836763662,gc_victim_age_dist,0,330838,1572864,0.210341
838336514,gc_victim_age_dist,0,311440,1572864,0.198008
838596452,gc_victim_age_dist,0,335539,1572864,0.213330
839909390,gc_victim_age_dist,0,325654,1572864,0.207045
841482253,gc_victim_age_dist,0,354529,1572864,0.225403
843055117,evict_victim_age_dist,0,746590,1572864,0.474669
844627978,evict_victim_age_dist,0,718609,1572864,0.456879
846200835,evict_victim_age_dist,0,719285,1572864,0.457309
847773706,evict_victim_age_dist,0,1011665,1572864,0.643199
849346568,evict_victim_age_dist,0,1130572,1572864,0.718798
850919432,evict_victim_age_dist,0,953272,1572864,0.606074
852492295,evict_victim_age_dist,0,1205244,1572864,0.766273
854065167,evict_victim_age_dist,0,1135000,1572864,0.721614
855638029,gc_victim_age_dist,0,64088,1572864,0.040746
857210888,gc_victim_age_dist,0,147022,1572864,0.093474
858783756,gc_victim_age_dist,0,321896,1572864,0.204656
860356612,gc_victim_age_dist,0,349515,1572864,0.222216
860631358,gc_victim_age_dist,0,373682,1572864,0.237581
861929473,gc_victim_age_dist,0,345402,1572864,0.219601
863502337,gc_victim_age_dist,0,330451,1572864,0.210095
865075216,gc_victim_age_dist,0,362698,1572864,0.230597
866648080,gc_victim_age_dist,0,352616,1572864,0.224187
866926317,gc_victim_age_dist,0,392812,1572864,0.249743
868220938,evict_victim_age_dist,0,1361616,1572864,0.865692
869793801,evict_victim_age_dist,0,831440,1572864,0.528615
871366659,evict_victim_age_dist,12,1362390,1572864,0.866184
872939527,evict_victim_age_dist,12,1323908,1572864,0.841718
874512386,evict_victim_age_dist,0,790504,1572864,0.502589
876085261,evict_victim_age_dist,0,953272,1572864,0.606074
877658128,evict_victim_age_dist,0,902600,1572864,0.573858
879230980,evict_victim_age_dist,0,892896,1572864,0.567688
880803844,gc_victim_age_dist,0,218360,1572864,0.138830
882376715,gc_victim_age_dist,0,298692,1572864,0.189903
882595963,gc_victim_age_dist,0,297638,1572864,0.189233
883949580,gc_victim_age_dist,0,400568,1572864,0.254674
885522442,gc_victim_age_dist,0,229488,1572864,0.145905
887095311,gc_victim_age_dist,0,412080,1572864,0.261993
888668169,gc_victim_age_dist,0,256482,1572864,0.163067
890241031,gc_victim_age_dist,0,414144,1572864,0.263306
890576004,gc_victim_age_dist,0,259558,1572864,0.165023
891813894,gc_victim_age_dist,0,473503,1572864,0.301045
893386767,evict_victim_age_dist,0,913844,1572864,0.581006
894959625,evict_victim_age_dist,0,854708,1572864,0.543409
896532482,evict_victim_age_dist,0,672616,1572864,0.427638
898105348,evict_victim_age_dist,0,720408,1572864,0.458023
899678216,evict_victim_age_dist,0,1366248,1572864,0.868637
901251076,evict_victim_age_dist,0,1026766,1572864,0.652800
902823937,evict_victim_age_dist,12,1508216,1572864,0.958898
904396811,evict_victim_age_dist,12,1358192,1572864,0.863515
905969675,gc_victim_age_dist,0,68728,1572864,0.043696
907542532,gc_victim_age_dist,0,246828,1572864,0.156929
909115393,gc_victim_age_dist,0,268659,1572864,0.170809
909320215,gc_victim_age_dist,0,240789,1572864,0.153090
910688268,gc_victim_age_dist,0,334216,1572864,0.212489
912261128,gc_victim_age_dist,0,252344,1572864,0.160436
913833995,gc_victim_age_dist,0,284829,1572864,0.181089
915406858,gc_victim_age_dist,0,322806,1572864,0.205235
916979723,gc_victim_age_dist,0,417064,1572864,0.265162
918552592,evict_victim_age_dist,12,1231782,1572864,0.783146
920125450,evict_victim_age_dist,12,1266758,1572864,0.805383
921698306,evict_victim_age_dist,12,1432897,1572864,0.911011
923271173,evict_victim_age_dist,0,712754,1572864,0.453157
924844035,evict_victim_age_dist,12,1404126,1572864,0.892719
926416903,evict_victim_age_dist,0,732728,1572864,0.465856
927989762,evict_victim_age_dist,12,1294971,1572864,0.823320
929562633,evict_victim_age_dist,12,1144403,1572864,0.727592
931135494,gc_victim_age_dist,0,44552,1572864,0.028325
932708364,gc_victim_age_dist,0,217479,1572864,0.138269
932878867,gc_victim_age_dist,0,289726,1572864,0.184203
934281221,gc_victim_age_dist,0,312469,1572864,0.198662
935854084,gc_victim_age_dist,0,267848,1572864,0.170293
937426948,gc_victim_age_dist,0,317144,1572864,0.201635
938999822,gc_victim_age_dist,0,348648,1572864,0.221664
939260862,gc_victim_age_dist,0,428172,1572864,0.272224
939604240,gc_victim_age_dist,0,298764,1572864,0.189949
940572679,gc_victim_age_dist,0,287928,1572864,0.183060
942145552,gc_victim_age_dist,0,325295,1572864,0.206817
943718409,evict_victim_age_dist,0,1027860,1572864,0.653496
945291276,evict_victim_age_dist,0,842460,1572864,0.535622
946864139,evict_victim_age_dist,12,1013517,1572864,0.644377
948437002,evict_victim_age_dist,12,752171,1572864,0.478217
950009870,evict_victim_age_dist,0,1061868,1572864,0.675117
951582728,evict_victim_age_dist,0,1513116,1572864,0.962013
953155595,evict_victim_age_dist,0,1534344,1572864,0.975510
954728459,evict_victim_age_dist,0,1039452,1572864,0.660866
956301317,gc_victim_age_dist,0,173471,1572864,0.110290
956461478,gc_victim_age_dist,0,297872,1572864,0.189382
957874178,gc_victim_age_dist,0,305909,1572864,0.194492
959447041,gc_victim_age_dist,0,375644,1572864,0.238828
959766659,gc_victim_age_dist,0,287318,1572864,0.182672
961019914,gc_victim_age_dist,0,345136,1572864,0.219432
962592781,gc_victim_age_dist,0,319316,1572864,0.203016
964165635,gc_victim_age_dist,0,299044,1572864,0.190127
965738509,gc_victim_age_dist,0,365760,1572864,0.232544
966061453,gc_victim_age_dist,0,347858,1572864,0.221162
967311361,gc_victim_age_dist,0,399402,1572864,0.253933
968884240,evict_victim_age_dist,0,1264402,1572864,0.803885
970457090,evict_victim_age_dist,0,430190,1572864,0.273507
972029961,evict_victim_age_dist,0,178914,1572864,0.113750
973602821,evict_victim_age_dist,0,650714,1572864,0.413713
975175681,evict_victim_age_dist,0,954098,1572864,0.606599
976748556,evict_victim_age_dist,0,1110074,1572864,0.705766
978321409,evict_victim_age_dist,12,1243203,1572864,0.790407
979894288,evict_victim_age_dist,0,686468,1572864,0.436445
981467141,gc_victim_age_dist,0,58655,1572864,0.037292
983040010,gc_victim_age_dist,0,285024,1572864,0.181213
984612877,gc_victim_age_dist,0,389579,1572864,0.247688
984948151,gc_victim_age_dist,0,377722,1572864,0.240149
986185733,gc_victim_age_dist,0,397236,1572864,0.252556
987758601,gc_victim_age_dist,0,334412,1572864,0.212613
989331464,gc_victim_age_dist,0,305358,1572864,0.194141
989566443,gc_victim_age_dist,0,322756,1572864,0.205203
990904328,gc_victim_age_dist,0,406824,1572864,0.258652
992477196,gc_victim_age_dist,13,497465,1572864,0.316280
994050052,evict_victim_age_dist,10,877631,1572864,0.557983
995622919,evict_victim_age_dist,0,777024,1572864,0.494019
997195777,evict_victim_age_dist,0,1020879,1572864,0.649057
998768653,evict_victim_age_dist,0,1170916,1572864,0.744448
1000341506,evict_victim_age_dist,0,650006,1572864,0.413263
1001914375,evict_victim_age_dist,0,1026311,1572864,0.652511
1003487233,evict_victim_age_dist,13,683776,1572864,0.434733
1005060099,evict_victim_age_dist,0,1067606,1572864,0.678766
1006632963,gc_victim_age_dist,0,417620,1572864,0.265516
1008205827,gc_victim_age_dist,0,315836,1572864,0.200803
1008476596,gc_victim_age_dist,0,331818,1572864,0.210964
1009778689,gc_victim_age_dist,0,371666,1572864,0.236299
1011351562,gc_victim_age_dist,0,265648,1572864,0.168894
1012924423,gc_victim_age_dist,0,421596,1572864,0.268044
1014497283,gc_victim_age_dist,0,377073,1572864,0.239737
1014824462,gc_victim_age_dist,0,391714,1572864,0.249045
1016070160,gc_victim_age_dist,0,429480,1572864,0.273056
1017643021,gc_victim_age_dist,0,386099,1572864,0.245475
1019215880,evict_victim_age_dist,13,1089602,1572864,0.692750
1020788747,evict_victim_age_dist,13,658647,1572864,0.418756
1022361603,evict_victim_age_dist,13,613346,1572864,0.389955
1023934465,evict_victim_age_dist,13,1032023,1572864,0.656143
1025507338,evict_victim_age_dist,0,358112,1572864,0.227681
1027080206,evict_victim_age_dist,0,647028,1572864,0.411369
1028653070,evict_victim_age_dist,13,1161647,1572864,0.738555
1030225926,evict_victim_age_dist,0,2544,1572864,0.001617
1031798788,gc_victim_age_dist,0,286880,1572864,0.182393
1033371656,gc_victim_age_dist,0,322192,1572864,0.204844
1034944513,gc_victim_age_dist,0,365370,1572864,0.232296
1035270897,gc_victim_age_dist,0,409536,1572864,0.260376
1036517380,gc_victim_age_dist,0,367992,1572864,0.233963
1038090252,gc_victim_age_dist,0,298662,1572864,0.189884
1038356005,gc_victim_age_dist,0,308482,1572864,0.196128
1039663110,gc_victim_age_dist,0,347520,1572864,0.220947
1041235982,gc_victim_age_dist,0,390720,1572864,0.248413
1042808846,gc_victim_age_dist,0,436412,1572864,0.277463
1044381703,evict_victim_age_dist,0,69196,1572864,0.043994
1045954564,evict_victim_age_dist,0,1045788,1572864,0.664894
1047527433,evict_victim_age_dist,0,1402904,1572864,0.891942
1049100299,evict_victim_age_dist,0,889080,1572864,0.565262
1050673160,evict_victim_age_dist,0,1263200,1572864,0.803121
1052246028,evict_victim_age_dist,0,796396,1572864,0.506335
1053818881,evict_victim_age_dist,0,1548568,1572864,0.984553
1055403035,evict_victim_age_dist,0,1471296,1572864,0.935425
1056964612,gc_victim_age_dist,0,287080,1572864,0.182521
1057216226,gc_victim_age_dist,0,305746,1572864,0.194388
1058537475,gc_victim_age_dist,0,394684,1572864,0.250933
1060110348,gc_victim_age_dist,0,417696,1572864,0.265564
1061683213,gc_victim_age_dist,0,447832,1572864,0.284724
1062095184,gc_victim_age_dist,0,97738,1572864,0.062140
1062171272,gc_victim_age_dist,0,421628,1572864,0.268064
1063256077,gc_victim_age_dist,0,425413,1572864,0.270470
1064828941,gc_victim_age_dist,0,472101,1572864,0.300154
1066401806,gc_victim_age_dist,0,490818,1572864,0.312054
1067974658,gc_victim_age_dist,0,447724,1572864,0.284655
1069547530,evict_victim_age_dist,11,723180,1572864,0.459785
1071120388,evict_victim_age_dist,0,600612,1572864,0.381859
1072693253,evict_victim_age_dist,0,476346,1572864,0.302853
1074266123,evict_victim_age_dist,0,1324314,1572864,0.841976
1075838986,evict_victim_age_dist,0,1529700,1572864,0.972557
1077411845,evict_victim_age_dist,0,492820,1572864,0.313327
1078984717,evict_victim_age_dist,0,843584,1572864,0.536336
1080557572,evict_victim_age_dist,0,983984,1572864,0.625600
1082130448,gc_victim_age_dist,0,512244,1572864,0.325676
1082936045,gc_victim_age_dist,0,405892,1572864,0.258059
1083703298,gc_victim_age_dist,0,298979,1572864,0.190086
1085276164,gc_victim_age_dist,0,481158,1572864,0.305912
1086006474,gc_victim_age_dist,0,462668,1572864,0.294156
1086849033,gc_victim_age_dist,0,496768,1572864,0.315837
1087561676,gc_victim_age_dist,0,459407,1572864,0.292083
1088421897,gc_victim_age_dist,0,471696,1572864,0.299896
1089994760,gc_victim_age_dist,0,437306,1572864,0.278032
1091567631,gc_victim_age_dist,0,224784,1572864,0.142914
1093140481,gc_victim_age_dist,0,554812,1572864,0.352740
1093866547,gc_victim_age_dist,0,575460,1572864,0.365868
1094747282,evict_victim_age_dist,0,906380,1572864,0.576261
1096286222,evict_victim_age_dist,0,880484,1572864,0.559797
1097859081,evict_victim_age_dist,0,676268,1572864,0.429960
1099431937,evict_victim_age_dist,0,1092215,1572864,0.694412
1101004804,evict_victim_age_dist,0,611233,1572864,0.388611
1102577667,evict_victim_age_dist,0,1042528,1572864,0.662821
1104150532,evict_victim_age_dist,0,988848,1572864,0.628693
1105723397,evict_victim_age_dist,0,903720,1572864,0.574570
1107296272,gc_victim_age_dist,0,239858,1572864,0.152498
1108869121,gc_victim_age_dist,0,246989,1572864,0.157031
1110441987,gc_victim_age_dist,0,533672,1572864,0.339300
1112014852,gc_victim_age_dist,0,529808,1572864,0.336843
1112744038,gc_victim_age_dist,0,629930,1572864,0.400499
1113655715,gc_victim_age_dist,0,626096,1572864,0.398061
1114611320,gc_victim_age_dist,0,611992,1572864,0.389094
1115485056,gc_victim_age_dist,0,459638,1572864,0.292230
1116733441,gc_victim_age_dist,0,589856,1572864,0.375020
1118306309,gc_victim_age_dist,0,616082,1572864,0.391694
1119879178,evict_victim_age_dist,14,1245157,1572864,0.791650
1121452041,evict_victim_age_dist,14,1166768,1572864,0.741811
1123024901,evict_victim_age_dist,14,1398240,1572864,0.888977
1124597766,evict_victim_age_dist,0,1101447,1572864,0.700281
1126170631,evict_victim_age_dist,0,1371625,1572864,0.872056
1127743504,evict_victim_age_dist,0,926196,1572864,0.588860
1129316353,evict_victim_age_dist,0,838104,1572864,0.532852
1130889225,evict_victim_age_dist,0,1219924,1572864,0.775607
1132462084,gc_victim_age_dist,0,619612,1572864,0.393939
1133268918,gc_victim_age_dist,0,518405,1572864,0.329593
1134034954,gc_victim_age_dist,0,524056,1572864,0.333186
1135607817,gc_victim_age_dist,0,498728,1572864,0.317083
1136255361,gc_victim_age_dist,0,663910,1572864,0.422103
1137107623,gc_victim_age_dist,0,674670,1572864,0.428944
1137953861,gc_victim_age_dist,0,415656,1572864,0.264267
1138753537,gc_victim_age_dist,0,435698,1572864,0.277009
1140326403,gc_victim_age_dist,0,662702,1572864,0.421335
1141180744,gc_victim_age_dist,0,542272,1572864,0.344767
1141826799,gc_victim_age_dist,0,610768,1572864,0.388316
1142659956,gc_victim_age_dist,0,700144,1572864,0.445140
1143522461,gc_victim_age_dist,0,388296,1572864,0.246872
1143883443,gc_victim_age_dist,0,671642,1572864,0.427018
1144734043,gc_victim_age_dist,0,717726,1572864,0.456318
1145689069,evict_victim_age_dist,0,587568,1572864,0.373566
1146617860,evict_victim_age_dist,0,653840,1572864,0.415700
1148190723,evict_victim_age_dist,14,1390054,1572864,0.883773
1149763591,evict_victim_age_dist,0,1284632,1572864,0.816747
1151336454,evict_victim_age_dist,0,1450654,1572864,0.922301
1152909325,evict_victim_age_dist,0,659998,1572864,0.419615
1154482180,evict_victim_age_dist,0,1377216,1572864,0.875610
1156055041,evict_victim_age_dist,0,1283236,1572864,0.815859
1157627918,evict_victim_age_dist,0,1224968,1572864,0.778814
1159200783,evict_victim_age_dist,0,587540,1572864,0.373548
1160773639,evict_victim_age_dist,0,1431120,1572864,0.909882
1162346504,evict_victim_age_dist,0,480280,1572864,0.305354
1163919362,evict_victim_age_dist,0,547080,1572864,0.347824
1165492238,evict_victim_age_dist,14,1465944,1572864,0.932022
1167065099,evict_victim_age_dist,0,1073248,1572864,0.682353
1168637960,evict_victim_age_dist,0,1338296,1572864,0.850866
1170210820,evict_victim_age_dist,0,1523628,1572864,0.968697
1171783688,evict_victim_age_dist,0,1394042,1572864,0.886308
1173356552,evict_victim_age_dist,0,1459478,1572864,0.927911
1174929414,evict_victim_age_dist,0,1510548,1572864,0.960381
1176502287,evict_victim_age_dist,0,505400,1572864,0.321325
1178075147,evict_victim_age_dist,0,1471960,1572864,0.935847
1179648012,evict_victim_age_dist,0,996662,1572864,0.633661
1181220870,evict_victim_age_dist,0,770862,1572864,0.490101
1182793737,evict_victim_age_dist,14,1426897,1572864,0.907197
1184366599,evict_victim_age_dist,0,554248,1572864,0.352381
1185939459,evict_victim_age_dist,0,1049822,1572864,0.667459
1187512332,evict_victim_age_dist,0,1156506,1572864,0.735287
1189085195,evict_victim_age_dist,0,897545,1572864,0.570644
1190658053,evict_victim_age_dist,0,720991,1572864,0.458394
1192230913,evict_victim_age_dist,0,699824,1572864,0.444936
1193803780,evict_victim_age_dist,14,1496679,1572864,0.951563
1195376650,gc_victim_age_dist,0,773041,1572864,0.491486
1196382465,gc_victim_age_dist,0,198144,1572864,0.125977
1196949509,gc_victim_age_dist,0,536968,1572864,0.341395
1198522369,gc_victim_age_dist,0,527468,1572864,0.335355
1199300981,gc_victim_age_dist,0,543188,1572864,0.345350
1200095234,gc_victim_age_dist,0,558912,1572864,0.355347
1201668098,gc_victim_age_dist,0,576992,1572864,0.366842
1203240976,gc_victim_age_dist,0,554860,1572864,0.352770
1204065175,gc_victim_age_dist,0,573160,1572864,0.364405
1204934584,gc_victim_age_dist,0,342456,1572864,0.217728
1206386701,gc_victim_age_dist,0,598420,1572864,0.380465
1207959558,evict_victim_age_dist,12,784802,1572864,0.498964
1209532418,evict_victim_age_dist,0,644920,1572864,0.410029
1211105289,evict_victim_age_dist,0,1181744,1572864,0.751333
1212678158,evict_victim_age_dist,0,1104520,1572864,0.702235
1214251011,evict_victim_age_dist,0,1122900,1572864,0.713921
1215823877,evict_victim_age_dist,0,719792,1572864,0.457631
1217396737,evict_victim_age_dist,0,828387,1572864,0.526674
1218969602,evict_victim_age_dist,0,907762,1572864,0.577140
1220542477,evict_victim_age_dist,14,1466042,1572864,0.932084
1222115340,evict_victim_age_dist,0,561852,1572864,0.357216
1223688195,evict_victim_age_dist,0,521024,1572864,0.331258
1225261067,evict_victim_age_dist,0,521056,1572864,0.331278
1226833926,evict_victim_age_dist,0,826312,1572864,0.525355
1228406785,evict_victim_age_dist,0,807562,1572864,0.513434
1229979656,evict_victim_age_dist,0,583552,1572864,0.371012
1231552526,evict_victim_age_dist,0,497590,1572864,0.316359
1233125383,evict_victim_age_dist,0,585420,1572864,0.372200
1234698243,evict_victim_age_dist,15,1540752,1572864,0.979584
1236271105,evict_victim_age_dist,15,1565536,1572864,0.995341
1237843976,evict_victim_age_dist,0,543076,1572864,0.345278
1239416835,evict_victim_age_dist,0,562224,1572864,0.357452
1240989711,evict_victim_age_dist,0,623008,1572864,0.396098
1242562572,evict_victim_age_dist,0,630245,1572864,0.400699
1244135428,evict_victim_age_dist,0,585747,1572864,0.372408
1245708299,gc_victim_age_dist,0,189652,1572864,0.120577
1245861069,gc_victim_age_dist,0,477960,1572864,0.303879
1247281157,gc_victim_age_dist,0,274696,1572864,0.174647
1248854020,gc_victim_age_dist,0,612880,1572864,0.389659
1249628250,gc_victim_age_dist,0,470114,1572864,0.298890
1250075288,gc_victim_age_dist,0,442338,1572864,0.281231
1250482786,gc_victim_age_dist,0,348240,1572864,0.221405
1250821106,gc_victim_age_dist,0,610160,1572864,0.387929
1251727023,gc_victim_age_dist,0,356388,1572864,0.226585
1252063636,gc_victim_age_dist,0,660130,1572864,0.419699
1253023782,gc_victim_age_dist,0,501994,1572864,0.319159
1253813125,gc_victim_age_dist,0,480853,1572864,0.305718
1255145485,gc_victim_age_dist,0,666314,1572864,0.423631
1256718343,gc_victim_age_dist,0,551122,1572864,0.350394
1258291211,evict_victim_age_dist,13,802111,1572864,0.509968
1259864072,evict_victim_age_dist,15,1553088,1572864,0.987427
1261436930,evict_victim_age_dist,0,567982,1572864,0.361113
1263009800,evict_victim_age_dist,0,560642,1572864,0.356447
1264582672,evict_victim_age_dist,0,704512,1572864,0.447917
1266155533,evict_victim_age_dist,0,520804,1572864,0.331118
1267728390,evict_victim_age_dist,0,578060,1572864,0.367521
1269301263,evict_victim_age_dist,0,562154,1572864,0.357408
1270874122,evict_victim_age_dist,0,683162,1572864,0.434343
1272446988,evict_victim_age_dist,15,1385292,1572864,0.880745
1274019851,evict_victim_age_dist,15,1297704,1572864,0.825058
1275592713,evict_victim_age_dist,15,1226478,1572864,0.779774
1277165569,evict_victim_age_dist,15,1495314,1572864,0.950695
1278738441,evict_victim_age_dist,15,1345420,1572864,0.855395
1280311304,evict_victim_age_dist,15,1296774,1572864,0.824467
1281884162,evict_victim_age_dist,15,1439043,1572864,0.914919
1283457034,evict_victim_age_dist,15,1405464,1572864,0.893570
1285029896,evict_victim_age_dist,0,805991,1572864,0.512435
1286602758,evict_victim_age_dist,0,1494149,1572864,0.949954
1288175620,evict_victim_age_dist,15,1445444,1572864,0.918989
1289748494,evict_victim_age_dist,15,1512088,1572864,0.961360
1291345373,evict_victim_age_dist,15,1363490,1572864,0.866884
1292894216,evict_victim_age_dist,15,1472304,1572864,0.936066
1294467078,evict_victim_age_dist,10,1319902,1572864,0.839171
1296039938,gc_victim_age_dist,0,200072,1572864,0.127202
1296208193,gc_victim_age_dist,0,553839,1572864,0.352121
1297612807,gc_victim_age_dist,0,511329,1572864,0.325094
1299185667,gc_victim_age_dist,0,464318,1572864,0.295205
1300758532,gc_victim_age_dist,0,500046,1572864,0.317921
1302331407,gc_victim_age_dist,0,482882,1572864,0.307008
1303045478,gc_victim_age_dist,0,389296,1572864,0.247508
1303904260,gc_victim_age_dist,0,315152,1572864,0.200368
1305477125,gc_victim_age_dist,0,470568,1572864,0.299179
1307049999,gc_victim_age_dist,0,477004,1572864,0.303271
1307704868,gc_victim_age_dist,0,570414,1572864,0.362659
1308422663,gc_victim_age_dist,0,622244,1572864,0.395612
1309187798,evict_victim_age_dist,0,1033464,1572864,0.657059
1310195727,evict_victim_age_dist,10,931255,1572864,0.592076
1311768587,evict_victim_age_dist,10,1304034,1572864,0.829082
1313341451,evict_victim_age_dist,10,1310133,1572864,0.832960
1314914307,evict_victim_age_dist,10,1411452,1572864,0.897377
1316487179,evict_victim_age_dist,10,1528824,1572864,0.972000
1318060044,evict_victim_age_dist,10,1389910,1572864,0.883681
1319632903,evict_victim_age_dist,10,1249920,1572864,0.794678
1321205768,evict_victim_age_dist,0,1069688,1572864,0.680089
1322778633,evict_victim_age_dist,0,775272,1572864,0.492905
1324351492,evict_victim_age_dist,0,737576,1572864,0.468938
1325924362,evict_victim_age_dist,0,728040,1572864,0.462875
1327497219,evict_victim_age_dist,0,693130,1572864,0.440680
1329070093,evict_victim_age_dist,10,1368341,1572864,0.869968
1330642950,evict_victim_age_dist,10,1342660,1572864,0.853640
1332215819,evict_victim_age_dist,10,1487980,1572864,0.946032
1333788676,gc_victim_age_dist,0,257396,1572864,0.163648
1335361537,gc_victim_age_dist,0,516304,1572864,0.328257
1336934405,gc_victim_age_dist,0,122096,1572864,0.077627
1338507278,gc_victim_age_dist,0,598208,1572864,0.380330
1339278284,gc_victim_age_dist,0,536170,1572864,0.340888
1340080129,gc_victim_age_dist,0,576859,1572864,0.366757
1341653000,gc_victim_age_dist,0,613888,1572864,0.390299
1342471383,gc_victim_age_dist,0,536136,1572864,0.340866
1343225862,gc_victim_age_dist,0,569760,1572864,0.362244
1344798733,gc_victim_age_dist,0,656158,1572864,0.417174
1346371586,evict_victim_age_dist,0,691766,1572864,0.439813
1347944463,evict_victim_age_dist,10,1307118,1572864,0.831043
1349517316,evict_victim_age_dist,0,774894,1572864,0.492664
1351090177,evict_victim_age_dist,0,723554,1572864,0.460023
1352663052,evict_victim_age_dist,0,716729,1572864,0.455684
1354235905,evict_victim_age_dist,0,998245,1572864,0.634667
1355808769,evict_victim_age_dist,0,847959,1572864,0.539118
1357381635,evict_victim_age_dist,0,830143,1572864,0.527791
1358954511,evict_victim_age_dist,0,629776,1572864,0.400401
1360527365,evict_victim_age_dist,0,779804,1572864,0.495786
1362100227,evict_victim_age_dist,0,715824,1572864,0.455109
1363673089,evict_victim_age_dist,0,1141368,1572864,0.725662
1365245964,evict_victim_age_dist,0,1034088,1572864,0.657455
1366818824,evict_victim_age_dist,0,720022,1572864,0.457778
1368391691,evict_victim_age_dist,0,601750,1572864,0.382582
1369964552,evict_victim_age_dist,0,882680,1572864,0.561193
1371537417,gc_victim_age_dist,0,669227,1572864,0.425483
1372297466,gc_victim_age_dist,0,306774,1572864,0.195042
1373110285,gc_victim_age_dist,0,578862,1572864,0.368031
1373828531,gc_victim_age_dist,0,648773,1572864,0.412479
1374683143,gc_victim_age_dist,0,570865,1572864,0.362946
1376256016,gc_victim_age_dist,0,627272,1572864,0.398809
1377042747,gc_victim_age_dist,0,622659,1572864,0.395876
1377889063,gc_victim_age_dist,0,619142,1572864,0.393640
1378712406,gc_victim_age_dist,0,553187,1572864,0.351707
1379436329,gc_victim_age_dist,0,686738,1572864,0.436616
1380974606,gc_victim_age_dist,0,710206,1572864,0.451537
1381789341,gc_victim_age_dist,0,633952,1572864,0.403056
1382660612,gc_victim_age_dist,0,706188,1572864,0.448982
1383515793,gc_victim_age_dist,0,662534,1572864,0.421228
1384376088,evict_victim_age_dist,14,349200,1572864,0.222015
1384702806,evict_victim_age_dist,0,655166,1572864,0.416543
1385693192,evict_victim_age_dist,0,874114,1572864,0.555747
1387266062,evict_victim_age_dist,0,649440,1572864,0.412903
1388838922,evict_victim_age_dist,0,740224,1572864,0.470622
1390411790,evict_victim_age_dist,0,939884,1572864,0.597562
1391984649,evict_victim_age_dist,0,805704,1572864,0.512253
1393557514,evict_victim_age_dist,0,906716,1572864,0.576475
1395130373,evict_victim_age_dist,0,738324,1572864,0.469414
1396703245,gc_victim_age_dist,0,614264,1572864,0.390539
1398276105,gc_victim_age_dist,0,213628,1572864,0.135821
1399848967,gc_victim_age_dist,0,459214,1572864,0.291960
1401421839,gc_victim_age_dist,0,514796,1572864,0.327298
1402075728,gc_victim_age_dist,0,334596,1572864,0.212730
1402994702,gc_victim_age_dist,0,636516,1572864,0.404686
1403852160,gc_victim_age_dist,0,635947,1572864,0.404324
1404720227,gc_victim_age_dist,0,633515,1572864,0.402778
1406140417,gc_victim_age_dist,0,585824,1572864,0.372457
1406958287,gc_victim_age_dist,0,609892,1572864,0.387759
1407811927,gc_victim_age_dist,0,667349,1572864,0.424289
1409286153,evict_victim_age_dist,0,849644,1572864,0.540189
1410859018,evict_victim_age_dist,0,922992,1572864,0.586823
1412431880,evict_victim_age_dist,0,930636,1572864,0.591682
1414004745,evict_victim_age_dist,0,1118292,1572864,0.710991
1415577611,evict_victim_age_dist,0,699412,1572864,0.444674
1417150478,evict_victim_age_dist,0,1179104,1572864,0.749654
1418723333,evict_victim_age_dist,0,732572,1572864,0.465757
1420296198,evict_victim_age_dist,0,842680,1572864,0.535762
1421869060,gc_victim_age_dist,0,634834,1572864,0.403617
1422675870,gc_victim_age_dist,0,619029,1572864,0.393568
1423466207,gc_victim_age_dist,0,458032,1572864,0.291209
1423888696,gc_victim_age_dist,0,621920,1572864,0.395406
1425014793,gc_victim_age_dist,0,317612,1572864,0.201932
1426587651,gc_victim_age_dist,0,668853,1572864,0.425245
1428160517,gc_victim_age_dist,0,246172,1572864,0.156512
1429733387,gc_victim_age_dist,0,586768,1572864,0.373057
1430358170,gc_victim_age_dist,0,683688,1572864,0.434677
1431306254,gc_victim_age_dist,0,499396,1572864,0.317507
1432879107,gc_victim_age_dist,0,543228,1572864,0.345375
1433546477,gc_victim_age_dist,0,710716,1572864,0.451861
1434523469,evict_victim_age_dist,0,943250,1572864,0.599702
1436024835,evict_victim_age_dist,0,981144,1572864,0.623795
1437597699,evict_victim_age_dist,0,874830,1572864,0.556202
1439170575,evict_victim_age_dist,0,710680,1572864,0.451838
1440743427,evict_victim_age_dist,0,817028,1572864,0.519452
1442316300,evict_victim_age_dist,0,850844,1572864,0.540952
1443889156,evict_victim_age_dist,0,671331,1572864,0.426821
1445462024,evict_victim_age_dist,0,909152,1572864,0.578023
1447034884,gc_victim_age_dist,0,655492,1572864,0.416751
1447870928,gc_victim_age_dist,0,598698,1572864,0.380642
1448631604,gc_victim_age_dist,0,649922,1572864,0.413209
1449468748,gc_victim_age_dist,0,421271,1572864,0.267837
1450180617,gc_victim_age_dist,0,746676,1572864,0.474724
1451753485,gc_victim_age_dist,0,685576,1572864,0.435877
1453326346,gc_victim_age_dist,0,534476,1572864,0.339811
1454016122,gc_victim_age_dist,0,238306,1572864,0.151511
1454899214,gc_victim_age_dist,0,682124,1572864,0.433683
1456472069,gc_victim_age_dist,0,510046,1572864,0.324279
1457153467,gc_victim_age_dist,0,745804,1572864,0.474169
1458045460,gc_victim_age_dist,0,681896,1572864,0.433538
1458980976,gc_victim_age_dist,0,727240,1572864,0.462367
1459970043,evict_victim_age_dist,0,640990,1572864,0.407530
1460600954,evict_victim_age_dist,0,923930,1572864,0.587419
1461536485,evict_victim_age_dist,0,793616,1572864,0.504567
1462763527,evict_victim_age_dist,0,623309,1572864,0.396289
1464336385,evict_victim_age_dist,11,1225822,1572864,0.779357
1465909261,evict_victim_age_dist,11,1185757,1572864,0.753884
1467482115,evict_victim_age_dist,11,1353531,1572864,0.860552
1469054982,evict_victim_age_dist,0,803732,1572864,0.510999
1470627852,evict_victim_age_dist,11,1516834,1572864,0.964377
1472200705,gc_victim_age_dist,0,542638,1572864,0.345000
1473773572,gc_victim_age_dist,0,654468,1572864,0.416100
1475346434,gc_victim_age_dist,0,611500,1572864,0.388781
1476087039,gc_victim_age_dist,0,760848,1572864,0.483734
1477178846,gc_victim_age_dist,0,743184,1572864,0.472504
1478069738,gc_victim_age_dist,0,758414,1572864,0.482187
1479125209,gc_victim_age_dist,0,618167,1572864,0.393020
1479978087,gc_victim_age_dist,0,791426,1572864,0.503175
1481029288,gc_victim_age_dist,0,756446,1572864,0.480935
1482055431,gc_victim_age_dist,0,779128,1572864,0.495356
1483187861,gc_victim_age_dist,0,716792,1572864,0.455724
1484491449,gc_victim_age_dist,0,729016,1572864,0.463496
1485730089,evict_victim_age_dist,0,556940,1572864,0.354093
1486322494,evict_victim_age_dist,0,590036,1572864,0.375135
1486949481,evict_victim_age_dist,0,868448,1572864,0.552144
1487929353,evict_victim_age_dist,0,768400,1572864,0.488536
1489502215,evict_victim_age_dist,0,640092,1572864,0.406960
1491075074,evict_victim_age_dist,0,827330,1572864,0.526002
1492647945,evict_victim_age_dist,11,1550272,1572864,0.985636
1494220804,evict_victim_age_dist,0,908459,1572864,0.577583
1495793666,evict_victim_age_dist,0,979352,1572864,0.622655
1497366539,gc_victim_age_dist,0,726100,1572864,0.461642
1498939406,gc_victim_age_dist,0,748372,1572864,0.475802
1500512264,gc_victim_age_dist,0,335640,1572864,0.213394
1500802090,gc_victim_age_dist,0,712993,1572864,0.453309
1501803298,gc_victim_age_dist,0,785820,1572864,0.499611
1503172996,gc_victim_age_dist,0,748120,1572864,0.475642
1504362853,gc_victim_age_dist,0,694505,1572864,0.441554
1505599400,gc_victim_age_dist,0,682113,1572864,0.433676
1506474936,gc_victim_age_dist,0,639720,1572864,0.406723
1507477559,gc_victim_age_dist,0,725332,1572864,0.461154
1508964474,gc_victim_age_dist,0,828911,1572864,0.527007
1510648375,evict_victim_age_dist,0,897147,1572864,0.570391
1511562858,evict_victim_age_dist,0,798486,1572864,0.507664
1512481452,evict_victim_age_dist,0,1354664,1572864,0.861272
1513893468,evict_victim_age_dist,0,867140,1572864,0.551313
1514848651,evict_victim_age_dist,0,970280,1572864,0.616887
1515846585,evict_victim_age_dist,0,783573,1572864,0.498182
1516667509,evict_victim_age_dist,0,850226,1572864,0.540559
1517813764,evict_victim_age_dist,0,687887,1572864,0.437347
1519386635,evict_victim_age_dist,0,940098,1572864,0.597698
1520959492,evict_victim_age_dist,0,663318,1572864,0.421726
1522532360,gc_victim_age_dist,0,502636,1572864,0.319567
1524105230,gc_victim_age_dist,0,842478,1572864,0.535633
1525206741,gc_victim_age_dist,0,861309,1572864,0.547606
1526674344,gc_victim_age_dist,0,683352,1572864,0.434464
1527710258,gc_victim_age_dist,0,490312,1572864,0.311732
1528335594,gc_victim_age_dist,0,714749,1572864,0.454425
1529493471,gc_victim_age_dist,0,692493,1572864,0.440275
1530747967,gc_victim_age_dist,0,743238,1572864,0.472538
1532156050,gc_victim_age_dist,0,775620,1572864,0.493126
1533569958,gc_victim_age_dist,0,590758,1572864,0.375594
1534747095,gc_victim_age_dist,0,899574,1572864,0.571934
1536243372,evict_victim_age_dist,0,749232,1572864,0.476349
1537002628,evict_victim_age_dist,11,1265396,1572864,0.804517
1538212595,evict_victim_age_dist,0,719476,1572864,0.457431
1538967333,evict_victim_age_dist,0,894644,1572864,0.568799
1539860964,evict_victim_age_dist,0,705688,1572864,0.448664
1540614020,evict_victim_age_dist,0,1284448,1572864,0.816630
1541875346,evict_victim_age_dist,0,686575,1572864,0.436513
1542979595,evict_victim_age_dist,11,1442356,1572864,0.917025
1544552453,evict_victim_age_dist,11,1402253,1572864,0.891528
1546125328,evict_victim_age_dist,11,1281534,1572864,0.814777
1547698190,gc_victim_age_dist,0,852864,1572864,0.542236
1549271042,gc_victim_age_dist,0,809062,1572864,0.514388
1550311474,gc_victim_age_dist,0,885262,1572864,0.562834
1551477371,gc_victim_age_dist,0,724693,1572864,0.460747
1552479904,gc_victim_age_dist,0,856016,1572864,0.544240
1553643191,gc_victim_age_dist,0,403312,1572864,0.256419
1553962307,gc_victim_age_dist,0,851513,1572864,0.541377
1555057734,gc_victim_age_dist,0,651800,1572864,0.414403
1555863014,gc_victim_age_dist,0,673128,1572864,0.427963
1556791756,gc_victim_age_dist,0,633145,1572864,0.402543
1557758344,gc_victim_age_dist,0,691392,1572864,0.439575
1558673927,gc_victim_age_dist,0,611064,1572864,0.388504
1559493885,gc_victim_age_dist,0,727660,1572864,0.462634
1560414374,evict_victim_age_dist,15,662029,1572864,0.420907
1561017163,evict_victim_age_dist,0,639621,1572864,0.406660
1561676541,evict_victim_age_dist,0,779641,1572864,0.495682
1562460508,evict_victim_age_dist,0,699475,1572864,0.444714
1563426821,evict_victim_age_dist,0,945157,1572864,0.600915
1564999688,evict_victim_age_dist,0,1140224,1572864,0.724935
1566572545,evict_victim_age_dist,0,681416,1572864,0.433233
1568145420,evict_victim_age_dist,11,1529616,1572864,0.972504
1569718281,evict_victim_age_dist,0,787655,1572864,0.500778
1571291146,evict_victim_age_dist,11,1437184,1572864,0.913737
1572864010,gc_victim_age_dist,0,946692,1572864,0.601891
1574436870,gc_victim_age_dist,0,819157,1572864,0.520806
1576009733,gc_victim_age_dist,0,746826,1572864,0.474819
1576944537,gc_victim_age_dist,0,450612,1572864,0.286491
1577356177,gc_victim_age_dist,0,460812,1572864,0.292976
1577794402,gc_victim_age_dist,0,730476,1572864,0.464424
1579155460,gc_victim_age_dist,0,724008,1572864,0.460312
1580181697,gc_victim_age_dist,0,827365,1572864,0.526025
1581332644,gc_victim_age_dist,0,790365,1572864,0.502501
1582428130,gc_victim_age_dist,0,805927,1572864,0.512395
1583507975,gc_victim_age_dist,0,852952,1572864,0.542292
1584640612,gc_victim_age_dist,0,827988,1572864,0.526421
1585763575,evict_victim_age_dist,0,1213556,1572864,0.771558
1586952842,evict_victim_age_dist,0,738893,1572864,0.469776
1587705713,evict_victim_age_dist,0,767899,1572864,0.488217
1588592648,evict_victim_age_dist,0,1158192,1572864,0.736359
1590165514,evict_victim_age_dist,0,1022762,1572864,0.650255
1591738382,evict_victim_age_dist,0,626538,1572864,0.398342
1593311248,evict_victim_age_dist,0,678856,1572864,0.431605
1594884098,evict_victim_age_dist,0,712595,1572864,0.453056
1596456972,evict_victim_age_dist,0,730180,1572864,0.464236
1598029825,gc_victim_age_dist,0,874264,1572864,0.555842
1598992435,gc_victim_age_dist,0,370757,1572864,0.235721
1599602702,gc_victim_age_dist,0,728728,1572864,0.463313
1601175554,gc_victim_age_dist,0,577629,1572864,0.367247
1602748428,gc_victim_age_dist,0,838997,1572864,0.533420
1603779000,gc_victim_age_dist,0,834483,1572864,0.530550
1604979998,gc_victim_age_dist,0,928632,1572864,0.590408
1606124103,gc_victim_age_dist,0,841736,1572864,0.535161
1607370978,gc_victim_age_dist,0,919180,1572864,0.584399
1608953122,gc_victim_age_dist,0,864232,1572864,0.549464
1610461113,gc_victim_age_dist,0,901522,1572864,0.573172
1611881404,evict_victim_age_dist,0,1038021,1572864,0.659956
1612922596,evict_victim_age_dist,0,1086632,1572864,0.690862
1614011435,evict_victim_age_dist,0,1200286,1572864,0.763121
1615139519,evict_victim_age_dist,0,869934,1572864,0.553089
1616055654,evict_victim_age_dist,0,981784,1572864,0.624201
1617015182,evict_victim_age_dist,0,849202,1572864,0.539908
1617828669,evict_victim_age_dist,0,829670,1572864,0.527490
1618657624,evict_victim_age_dist,0,663732,1572864,0.421989
1620049921,evict_victim_age_dist,0,710852,1572864,0.451948
1621622786,evict_victim_age_dist,0,899908,1572864,0.572146
1623195655,gc_victim_age_dist,0,885643,1572864,0.563077
1624405996,gc_victim_age_dist,0,659127,1572864,0.419062
1625256815,gc_victim_age_dist,0,934902,1572864,0.594395
1626388246,gc_victim_age_dist,0,964737,1572864,0.613363
1627584905,gc_victim_age_dist,0,799062,1572864,0.508030
1628678836,gc_victim_age_dist,0,700286,1572864,0.445230
1629663712,gc_victim_age_dist,0,765961,1572864,0.486985
1630749647,gc_victim_age_dist,0,887226,1572864,0.564083
1632189878,gc_victim_age_dist,0,436368,1572864,0.277435
1632534786,gc_victim_age_dist,0,936875,1572864,0.595649
1634066534,gc_victim_age_dist,0,960064,1572864,0.610392
1635307601,gc_victim_age_dist,0,954396,1572864,0.606789
1636566009,evict_victim_age_dist,0,768932,1572864,0.488874
1637355524,evict_victim_age_dist,0,747896,1572864,0.475499
1638103836,evict_victim_age_dist,0,1015234,1572864,0.645468
1639099445,evict_victim_age_dist,12,1255624,1572864,0.798304
1640338793,evict_victim_age_dist,12,1332136,1572864,0.846949
1641612486,evict_victim_age_dist,0,1078914,1572864,0.685955
1642660352,evict_victim_age_dist,0,1250405,1572864,0.794986
1643892058,evict_victim_age_dist,0,662435,1572864,0.421165
1645215750,evict_victim_age_dist,12,1057965,1572864,0.672636
1646788623,evict_victim_age_dist,12,1197944,1572864,0.761632
1648361474,evict_victim_age_dist,12,1254384,1572864,0.797516
1649934337,evict_victim_age_dist,0,694677,1572864,0.441664
1651507210,evict_victim_age_dist,12,1404351,1572864,0.892862
1653080073,evict_victim_age_dist,12,1497420,1572864,0.952034
1654676330,evict_victim_age_dist,12,1233016,1572864,0.783930
1656225793,evict_victim_age_dist,0,647032,1572864,0.411372
1657798666,evict_victim_age_dist,12,1322640,1572864,0.840912
1659371526,evict_victim_age_dist,0,676682,1572864,0.430223
1660944389,gc_victim_age_dist,0,555034,1572864,0.352881
1661651013,gc_victim_age_dist,0,663482,1572864,0.421830
1662566222,gc_victim_age_dist,0,748744,1572864,0.476039
1663632277,gc_victim_age_dist,0,667960,1572864,0.424678
1664570008,gc_victim_age_dist,0,680794,1572864,0.432837
1665441640,gc_victim_age_dist,0,850720,1572864,0.540873
1666479909,gc_victim_age_dist,0,277610,1572864,0.176500
1666739498,gc_victim_age_dist,0,700837,1572864,0.445580
1667774866,gc_victim_age_dist,0,818259,1572864,0.520235
1668868348,gc_victim_age_dist,0,753200,1572864,0.478872
1669830959,gc_victim_age_dist,0,741194,1572864,0.471238
1670900273,gc_victim_age_dist,0,841831,1572864,0.535222
1672032118,gc_victim_age_dist,0,655912,1572864,0.417018
1672984795,gc_victim_age_dist,0,885272,1572864,0.562841
1674213488,evict_victim_age_dist,10,365432,1572864,0.232335
1674588497,evict_victim_age_dist,0,728864,1572864,0.463399
1675351440,evict_victim_age_dist,0,907940,1572864,0.577253
1676673031,evict_victim_age_dist,0,1050428,1572864,0.667844
1678245901,evict_victim_age_dist,0,857368,1572864,0.545100
1679818766,evict_victim_age_dist,12,1391776,1572864,0.884867
1681391619,evict_victim_age_dist,0,770268,1572864,0.489723
1682964483,evict_victim_age_dist,0,783216,1572864,0.497955
1684537345,evict_victim_age_dist,12,1431218,1572864,0.909944
1686110211,gc_victim_age_dist,0,688456,1572864,0.437709
1687683084,gc_victim_age_dist,0,921008,1572864,0.585561
1688788110,gc_victim_age_dist,0,713058,1572864,0.453350
1689788589,gc_victim_age_dist,0,454082,1572864,0.288698
1690207132,gc_victim_age_dist,0,799612,1572864,0.508380
1691373598,gc_victim_age_dist,0,770574,1572864,0.489918
1692415091,gc_victim_age_dist,0,724762,1572864,0.460791
1693447247,gc_victim_age_dist,0,871552,1572864,0.554118
1694621913,gc_victim_age_dist,0,643204,1572864,0.408938
1695493563,gc_victim_age_dist,0,755580,1572864,0.480385
1696542434,gc_victim_age_dist,0,872129,1572864,0.554485
1697711378,gc_victim_age_dist,0,903162,1572864,0.574215
1698861497,evict_victim_age_dist,12,1540114,1572864,0.979178
1700320459,evict_victim_age_dist,12,1557256,1572864,0.990077
1701832132,evict_victim_age_dist,12,1181282,1572864,0.751039
1703004671,evict_victim_age_dist,12,1307755,1572864,0.831448
1704252594,evict_victim_age_dist,12,1278995,1572864,0.813163
1705479379,evict_victim_age_dist,12,1242359,1572864,0.789871
1706660440,evict_victim_age_dist,12,1243744,1572864,0.790751
1707866594,evict_victim_age_dist,12,1528344,1572864,0.971695
1709382556,evict_victim_age_dist,12,1166357,1572864,0.741550
1710516499,evict_victim_age_dist,0,1018337,1572864,0.647441
1711512623,gc_victim_age_dist,0,480102,1572864,0.305241
1712848898,gc_victim_age_dist,0,392156,1572864,0.249326
1713215967,gc_victim_age_dist,0,791738,1572864,0.503373
1714186330,gc_victim_age_dist,0,753936,1572864,0.479340
1715261089,gc_victim_age_dist,0,856111,1572864,0.544301
1716450429,gc_victim_age_dist,0,805655,1572864,0.512222
1717598566,gc_victim_age_dist,0,812200,1572864,0.516383
1718645715,gc_victim_age_dist,0,319176,1572864,0.202927
1718949017,gc_victim_age_dist,0,861884,1572864,0.547971
1720125021,gc_victim_age_dist,0,813022,1572864,0.516905
1721248941,gc_victim_age_dist,0,632444,1572864,0.402097
1722144495,gc_victim_age_dist,0,877980,1572864,0.558205
1723405329,gc_victim_age_dist,0,805171,1572864,0.511914
1724550082,evict_victim_age_dist,0,786472,1572864,0.500025
1725351525,evict_victim_age_dist,0,818356,1572864,0.520297
1726195662,evict_victim_age_dist,0,796428,1572864,0.506355
1727074606,evict_victim_age_dist,0,1081888,1572864,0.687846
1728577549,evict_victim_age_dist,0,1022702,1572864,0.650216
1730150413,evict_victim_age_dist,0,932308,1572864,0.592745
1731723280,evict_victim_age_dist,0,1031521,1572864,0.655823
1733296133,evict_victim_age_dist,0,756550,1572864,0.481002
1734868995,evict_victim_age_dist,13,1312592,1572864,0.834524
1736441858,gc_victim_age_dist,0,680628,1572864,0.432732
1737241806,gc_victim_age_dist,0,458690,1572864,0.291627
1738014728,gc_victim_age_dist,0,690287,1572864,0.438873
1738958789,gc_victim_age_dist,0,756636,1572864,0.481056
1740029151,gc_victim_age_dist,0,572712,1572864,0.364120
1741160456,gc_victim_age_dist,0,775816,1572864,0.493251
1742195341,gc_victim_age_dist,0,793208,1572864,0.504308
1743311992,gc_victim_age_dist,0,857649,1572864,0.545279
1744443501,gc_victim_age_dist,0,845515,1572864,0.537564
1745538732,gc_victim_age_dist,0,838951,1572864,0.533391
1746654777,gc_victim_age_dist,0,802244,1572864,0.510053
1747656566,gc_victim_age_dist,0,911328,1572864,0.579407
1748838352,gc_victim_age_dist,0,649074,1572864,0.412670
1749777910,evict_victim_age_dist,13,1399370,1572864,0.889695
1751176549,evict_victim_age_dist,13,1493826,1572864,0.949749
1752660382,evict_victim_age_dist,13,1007624,1572864,0.640630
1753686477,evict_victim_age_dist,13,1298072,1572864,0.825292
1754993021,evict_victim_age_dist,0,998556,1572864,0.634865
1756074155,evict_victim_age_dist,13,1173878,1572864,0.746332
1757312578,evict_victim_age_dist,0,738280,1572864,0.469386
1758461964,evict_victim_age_dist,0,951596,1572864,0.605008
1760034821,evict_victim_age_dist,0,841898,1572864,0.535264
1761607689,gc_victim_age_dist,0,662580,1572864,0.421257
1762448244,gc_victim_age_dist,0,564882,1572864,0.359142
1763279583,gc_victim_age_dist,0,732194,1572864,0.465516
1764284592,gc_victim_age_dist,0,820416,1572864,0.521606
1765417421,gc_victim_age_dist,0,729408,1572864,0.463745
1766430880,gc_victim_age_dist,0,814114,1572864,0.517600
1767540638,gc_victim_age_dist,0,462608,1572864,0.294118
1767878012,gc_victim_age_dist,0,789885,1572864,0.502195
1768934932,gc_victim_age_dist,0,838306,1572864,0.532981
1770089629,gc_victim_age_dist,0,875184,1572864,0.556427
1771327090,gc_victim_age_dist,0,719804,1572864,0.457639
1772258640,gc_victim_age_dist,0,896720,1572864,0.570119
1773476885,gc_victim_age_dist,0,644550,1572864,0.409794
1774375624,evict_victim_age_dist,0,736734,1572864,0.468403
1775147495,evict_victim_age_dist,13,1288376,1572864,0.819127
1776433876,evict_victim_age_dist,13,1556672,1572864,0.989705
1777910058,evict_victim_age_dist,0,912589,1572864,0.580208
1778825006,evict_victim_age_dist,13,1106370,1572864,0.703411
1779904931,evict_victim_age_dist,0,625023,1572864,0.397379
1780517703,evict_victim_age_dist,0,796498,1572864,0.506400
1782054921,evict_victim_age_dist,0,1106247,1572864,0.703333
1783627786,evict_victim_age_dist,13,1212804,1572864,0.771080
1785200653,evict_victim_age_dist,13,1324572,1572864,0.842140
1786773506,gc_victim_age_dist,0,662182,1572864,0.421004
1788346382,gc_victim_age_dist,0,639632,1572864,0.406667
1789200468,gc_victim_age_dist,0,654878,1572864,0.416360
1790125389,gc_victim_age_dist,0,701912,1572864,0.446264
1791112256,gc_victim_age_dist,0,884336,1572864,0.562246
1792360067,gc_victim_age_dist,0,769876,1572864,0.489474
1793444892,gc_victim_age_dist,0,668084,1572864,0.424756
1794370119,gc_victim_age_dist,0,828216,1572864,0.526566
1795580336,gc_victim_age_dist,0,516088,1572864,0.328120
1796251306,gc_victim_age_dist,0,744883,1572864,0.473584
1797304694,gc_victim_age_dist,0,878168,1572864,0.558324
1798556785,gc_victim_age_dist,0,818469,1572864,0.520369
1799883728,evict_victim_age_dist,0,797590,1572864,0.507094
1800705177,evict_victim_age_dist,13,1212072,1572864,0.770615
1801884280,evict_victim_age_dist,0,754860,1572864,0.479927
1802660595,evict_victim_age_dist,13,1417924,1572864,0.901492
1804075021,evict_victim_age_dist,13,1441580,1572864,0.916532
1805647885,evict_victim_age_dist,0,903446,1572864,0.574395
1807220750,evict_victim_age_dist,0,981476,1572864,0.624006
1808793601,evict_victim_age_dist,13,1486272,1572864,0.944946
1810366477,evict_victim_age_dist,13,1380246,1572864,0.877537
1811939342,gc_victim_age_dist,0,893454,1572864,0.568043
1813018660,gc_victim_age_dist,0,671624,1572864,0.427007
1814017207,gc_victim_age_dist,0,674120,1572864,0.428594
1814950774,gc_victim_age_dist,0,804272,1572864,0.511342
1816086560,gc_victim_age_dist,0,763773,1572864,0.485594
1817221510,gc_victim_age_dist,0,815079,1572864,0.518213
1818329806,gc_victim_age_dist,0,726924,1572864,0.462166
1819331972,gc_victim_age_dist,0,898112,1572864,0.571004
1820518411,gc_victim_age_dist,0,913682,1572864,0.580903
1821695127,gc_victim_age_dist,15,884008,1572864,0.562037
1822675719,gc_victim_age_dist,0,878458,1572864,0.558509
1824033965,gc_victim_age_dist,0,925743,1572864,0.588572
1825511652,evict_victim_age_dist,11,25509,1572864,0.016218
1825539068,evict_victim_age_dist,13,1316367,1572864,0.836924
1826791438,evict_victim_age_dist,0,691416,1572864,0.439590
1827503993,evict_victim_age_dist,0,874228,1572864,0.555819
1828417875,evict_victim_age_dist,0,1091386,1572864,0.693885
1829546582,evict_victim_age_dist,0,850586,1572864,0.540788
1830813698,evict_victim_age_dist,13,1296280,1572864,0.824153
1832386567,evict_victim_age_dist,13,1258280,1572864,0.799993
1833959440,evict_victim_age_dist,0,930913,1572864,0.591859
1835532304,evict_victim_age_dist,0,1159620,1572864,0.737267
1837105159,gc_victim_age_dist,0,833198,1572864,0.529733
1838136118,gc_victim_age_dist,0,207566,1572864,0.131967
1838678028,gc_victim_age_dist,0,421103,1572864,0.267730
1840250888,gc_victim_age_dist,0,554238,1572864,0.352375
1841823745,gc_victim_age_dist,0,492400,1572864,0.313059
1842451953,gc_victim_age_dist,0,831072,1572864,0.528381
1843637063,gc_victim_age_dist,0,822867,1572864,0.523165
1844663695,gc_victim_age_dist,0,701012,1572864,0.445691
1845636232,gc_victim_age_dist,0,634477,1572864,0.403390
1846452387,gc_victim_age_dist,0,714284,1572864,0.454130
1847412087,gc_victim_age_dist,0,801105,1572864,0.509329
1848520546,gc_victim_age_dist,0,785888,1572864,0.499654
1849625626,gc_victim_age_dist,0,884036,1572864,0.562055
1850915472,evict_victim_age_dist,0,1186728,1572864,0.754501
1852078139,evict_victim_age_dist,13,1326236,1572864,0.843198
1853348732,evict_victim_age_dist,13,1317004,1572864,0.837329
1854586546,evict_victim_age_dist,13,1452192,1572864,0.923279
1855942610,evict_victim_age_dist,0,1063787,1572864,0.676338
1856998380,evict_victim_age_dist,13,1338846,1572864,0.851215
1858285621,evict_victim_age_dist,0,974992,1572864,0.619883
1859245358,evict_victim_age_dist,0,973370,1572864,0.618852
1860698119,evict_victim_age_dist,0,1193654,1572864,0.758905
1862270978,gc_victim_age_dist,0,528480,1572864,0.335999
1862895951,gc_victim_age_dist,0,827506,1572864,0.526114
1863945770,gc_victim_age_dist,0,917462,1572864,0.583307
1865184694,gc_victim_age_dist,0,809064,1572864,0.514389
1866166305,gc_victim_age_dist,0,870936,1572864,0.553726
1867431644,gc_victim_age_dist,0,644980,1572864,0.410067
1868363777,gc_victim_age_dist,0,924768,1572864,0.587952
1869559832,gc_victim_age_dist,0,934084,1572864,0.593875
1870840910,gc_victim_age_dist,0,871730,1572864,0.554231
1872019234,gc_victim_age_dist,0,174504,1572864,0.110947
1872168089,gc_victim_age_dist,0,924240,1572864,0.587616
1873406703,gc_victim_age_dist,0,916302,1572864,0.582569
1874603794,gc_victim_age_dist,0,747594,1572864,0.475307
1875694739,evict_victim_age_dist,12,782307,1572864,0.497377
1876461133,evict_victim_age_dist,0,978730,1572864,0.622260
1877460080,evict_victim_age_dist,13,1510592,1572864,0.960409
1878953186,evict_victim_age_dist,0,938422,1572864,0.596633
1879926390,evict_victim_age_dist,0,982324,1572864,0.624545
1881145352,evict_victim_age_dist,0,1359444,1572864,0.864311
1882718211,evict_victim_age_dist,14,1186804,1572864,0.754550
1884291083,evict_victim_age_dist,0,872784,1572864,0.554901
1885863951,evict_victim_age_dist,14,1466352,1572864,0.932281
1887436805,evict_victim_age_dist,0,926944,1572864,0.589335
1889009674,evict_victim_age_dist,14,1090558,1572864,0.693358
1890582540,evict_victim_age_dist,14,1194906,1572864,0.759701
1892155394,evict_victim_age_dist,0,1132026,1572864,0.719723
1893728262,evict_victim_age_dist,14,1260277,1572864,0.801263
1895301136,evict_victim_age_dist,0,868045,1572864,0.551888
1896873994,evict_victim_age_dist,14,1358741,1572864,0.863864
1898446854,evict_victim_age_dist,14,1304067,1572864,0.829103
1900019723,gc_victim_age_dist,0,292332,1572864,0.185860
1900266551,gc_victim_age_dist,0,220132,1572864,0.139956
1901592588,gc_victim_age_dist,0,660300,1572864,0.419807
1903165454,gc_victim_age_dist,0,683628,1572864,0.434639
1904738313,gc_victim_age_dist,0,794488,1572864,0.505122
1905740941,gc_victim_age_dist,0,818953,1572864,0.520676
1906815254,gc_victim_age_dist,0,856976,1572864,0.544851
1907906138,gc_victim_age_dist,0,849346,1572864,0.540000
1909079895,gc_victim_age_dist,0,877586,1572864,0.557954
1910177361,gc_victim_age_dist,0,417080,1572864,0.265172
1910551597,gc_victim_age_dist,0,821864,1572864,0.522527
1911692198,gc_victim_age_dist,0,774820,1572864,0.492617
1912824577,evict_victim_age_dist,0,838155,1572864,0.532885
1913653063,evict_victim_age_dist,14,1182475,1572864,0.751797
1914776635,evict_victim_age_dist,14,1045188,1572864,0.664513
1915792316,evict_victim_age_dist,14,1530064,1572864,0.972788
1917321225,evict_victim_age_dist,14,994821,1572864,0.632490
1918894092,evict_victim_age_dist,14,1135848,1572864,0.722153
1920466959,evict_victim_age_dist,14,1176058,1572864,0.747718
1922039822,evict_victim_age_dist,14,1102493,1572864,0.700946
1923612677,evict_victim_age_dist,14,1066700,1572864,0.678190
1925185545,gc_victim_age_dist,0,745642,1572864,0.474066
1926097238,gc_victim_age_dist,0,715980,1572864,0.455208
1926969954,gc_victim_age_dist,0,569120,1572864,0.361837
1927711007,gc_victim_age_dist,0,765946,1572864,0.486975
1928652749,gc_victim_age_dist,0,561968,1572864,0.357290
1929340172,gc_victim_age_dist,0,816998,1572864,0.519433
1930355059,gc_victim_age_dist,0,846013,1572864,0.537881
1931343057,gc_victim_age_dist,0,720554,1572864,0.458116
1932278907,gc_victim_age_dist,0,883235,1572864,0.561546
1933343037,gc_victim_age_dist,0,739936,1572864,0.470439
1934160647,gc_victim_age_dist,0,783069,1572864,0.497862
1935053847,gc_victim_age_dist,0,834196,1572864,0.530368
1936044783,gc_victim_age_dist,0,889856,1572864,0.565755
1937247369,gc_victim_age_dist,0,833220,1572864,0.529747
1938351046,evict_victim_age_dist,14,1110772,1572864,0.706210
1939396066,evict_victim_age_dist,0,829084,1572864,0.527117
1940175539,evict_victim_age_dist,0,615524,1572864,0.391340
1940914188,evict_victim_age_dist,14,1195995,1572864,0.760393
1942487048,evict_victim_age_dist,0,821945,1572864,0.522579
1944059916,evict_victim_age_dist,14,1179593,1572864,0.749965
1945632773,evict_victim_age_dist,14,1251267,1572864,0.795534
1947205639,evict_victim_age_dist,14,1241385,1572864,0.789251
1948778497,evict_victim_age_dist,14,1379224,1572864,0.876887
1950351364,gc_victim_age_dist,0,857726,1572864,0.545328
1951924231,gc_victim_age_dist,0,789642,1572864,0.502041
1952848846,gc_victim_age_dist,0,756922,1572864,0.481238
1953738804,gc_victim_age_dist,0,777297,1572864,0.494192
1954675006,gc_victim_age_dist,0,879284,1572864,0.559034
1955740336,gc_victim_age_dist,0,884376,1572864,0.562271
1956808976,gc_victim_age_dist,0,644331,1572864,0.409655
1957527368,gc_victim_age_dist,0,784795,1572864,0.498959
1958510514,gc_victim_age_dist,0,915718,1572864,0.582198
1959597884,gc_victim_age_dist,0,708784,1572864,0.450633
1960424854,gc_victim_age_dist,0,721442,1572864,0.458680
1961370445,gc_victim_age_dist,0,848026,1572864,0.539160
1962342594,gc_victim_age_dist,0,917027,1572864,0.583030
1963597112,evict_victim_age_dist,0,807629,1572864,0.513477
1964382809,evict_victim_age_dist,0,921453,1572864,0.585844
1965301311,evict_victim_age_dist,0,924686,1572864,0.587900
1966216399,evict_victim_age_dist,0,962942,1572864,0.612222
1967152156,evict_victim_age_dist,0,917676,1572864,0.583443
1968038847,evict_victim_age_dist,0,958456,1572864,0.609370
1969225741,evict_victim_age_dist,0,872050,1572864,0.554434
1970798605,evict_victim_age_dist,0,893778,1572864,0.568249
1972371461,evict_victim_age_dist,0,906146,1572864,0.576112
1973944326,evict_victim_age_dist,0,927758,1572864,0.589853
1975517195,gc_victim_age_dist,0,558168,1572864,0.354874
1976168422,gc_victim_age_dist,0,655980,1572864,0.417061
1977090060,gc_victim_age_dist,0,617626,1572864,0.392676
1978662927,gc_victim_age_dist,0,439759,1572864,0.279591
1980235789,gc_victim_age_dist,0,814436,1572864,0.517804
1981808650,gc_victim_age_dist,0,862596,1572864,0.548424
1982808066,gc_victim_age_dist,0,745064,1572864,0.473699
1983751776,gc_victim_age_dist,0,858451,1572864,0.545788
1984765003,gc_victim_age_dist,0,783056,1572864,0.497854
1985710776,gc_victim_age_dist,0,829834,1572864,0.527594
1986719191,gc_victim_age_dist,0,901546,1572864,0.573188
1987775129,gc_victim_age_dist,0,768784,1572864,0.488780
1988727915,evict_victim_age_dist,14,1530814,1572864,0.973265
1990133550,evict_victim_age_dist,0,877774,1572864,0.558074
1991035165,evict_victim_age_dist,14,1432393,1572864,0.910691
1992366323,evict_victim_age_dist,0,836828,1572864,0.532041
1993230865,evict_victim_age_dist,0,887593,1572864,0.564316
1994095331,evict_victim_age_dist,0,987764,1572864,0.628003
1995087410,evict_victim_age_dist,0,911272,1572864,0.579371
1995989640,evict_victim_age_dist,0,771379,1572864,0.490430
1997537281,evict_victim_age_dist,0,966653,1572864,0.614581
1999110146,evict_victim_age_dist,0,1433981,1572864,0.911701
2000683010,gc_victim_age_dist,0,682654,1572864,0.434020
2002255883,gc_victim_age_dist,0,586916,1572864,0.373151
2003828750,gc_victim_age_dist,0,595929,1572864,0.378881
2004561801,gc_victim_age_dist,0,750232,1572864,0.476985
2005530929,gc_victim_age_dist,0,745558,1572864,0.474013
2006488571,gc_victim_age_dist,0,919216,1572864,0.584422
2007667077,gc_victim_age_dist,0,690292,1572864,0.438876
2008597715,gc_victim_age_dist,0,710904,1572864,0.451981
2009458869,gc_victim_age_dist,0,813044,1572864,0.516919
2010478314,gc_victim_age_dist,0,934740,1572864,0.594292
2011582516,gc_victim_age_dist,0,890091,1572864,0.565905
2012627555,gc_victim_age_dist,0,821194,1572864,0.522101
2013728338,evict_victim_age_dist,0,884555,1572864,0.562385
2014606762,evict_victim_age_dist,0,924893,1572864,0.588031
2015514281,evict_victim_age_dist,0,1001248,1572864,0.636576
2016480074,evict_victim_age_dist,0,1091940,1572864,0.694237
2017984524,evict_victim_age_dist,0,1217638,1572864,0.774153
2019557377,evict_victim_age_dist,0,1043311,1572864,0.663319
2021130249,evict_victim_age_dist,15,1148335,1572864,0.730092
2022703120,evict_victim_age_dist,15,1192817,1572864,0.758373
2024275972,evict_victim_age_dist,15,1228085,1572864,0.780795
2025848836,gc_victim_age_dist,0,1078312,1572864,0.685572
2027113395,gc_victim_age_dist,0,812772,1572864,0.516747
2028190293,gc_victim_age_dist,0,925412,1572864,0.588361
2029404986,gc_victim_age_dist,0,853101,1572864,0.542387
2030538832,gc_victim_age_dist,0,826799,1572864,0.525665
2031562726,gc_victim_age_dist,0,896681,1572864,0.570094
2032777485,gc_victim_age_dist,0,868663,1572864,0.552281
2033958455,gc_victim_age_dist,0,867325,1572864,0.551430
2035110598,gc_victim_age_dist,0,932985,1572864,0.593176
2036321999,gc_victim_age_dist,0,894120,1572864,0.568466
2037446949,gc_victim_age_dist,0,953475,1572864,0.606203
2038657648,evict_victim_age_dist,13,1077941,1572864,0.685336
2039681787,evict_victim_age_dist,15,1365984,1572864,0.868469
2040964023,evict_victim_age_dist,15,1252384,1572864,0.796244
2042148340,evict_victim_age_dist,15,1137864,1572864,0.723434
2043230771,evict_victim_age_dist,15,1204977,1572864,0.766104
2044370018,evict_victim_age_dist,15,1233906,1572864,0.784496
2045559859,evict_victim_age_dist,15,1162852,1572864,0.739321
2046672675,evict_victim_age_dist,15,1292582,1572864,0.821802
2047902776,evict_victim_age_dist,15,1195757,1572864,0.760242
2049037488,evict_victim_age_dist,15,1182925,1572864,0.752083
2050181137,evict_victim_age_dist,0,1320236,1572864,0.839383
2051428787,evict_victim_age_dist,15,1407240,1572864,0.894699
2052765218,evict_victim_age_dist,15,1407952,1572864,0.895152
2054160385,evict_victim_age_dist,15,1341248,1572864,0.852743
2055733260,evict_victim_age_dist,15,1320092,1572864,0.839292
2057306114,evict_victim_age_dist,0,956124,1572864,0.607887
2058878986,evict_victim_age_dist,15,1120224,1572864,0.712219
2060451855,evict_victim_age_dist,15,1368165,1572864,0.869856
2062024713,evict_victim_age_dist,0,1030182,1572864,0.654972
2063597578,gc_victim_age_dist,0,479808,1572864,0.305054
2065170446,gc_victim_age_dist,0,96932,1572864,0.061628
2065248141,gc_victim_age_dist,0,699928,1572864,0.445002
2066743312,gc_victim_age_dist,0,704692,1572864,0.448031
2067594617,gc_victim_age_dist,0,817426,1572864,0.519705
2068623045,gc_victim_age_dist,0,813197,1572864,0.517017
2069699629,gc_victim_age_dist,0,833888,1572864,0.530172
2070763556,gc_victim_age_dist,0,543965,1572864,0.345844
2071531098,gc_victim_age_dist,0,807595,1572864,0.513455
2072669028,gc_victim_age_dist,0,232486,1572864,0.147811
2072851955,gc_victim_age_dist,0,600142,1572864,0.381560
2073795018,gc_victim_age_dist,0,875563,1572864,0.556668
2074939994,gc_victim_age_dist,0,778084,1572864,0.494692
2076012433,gc_victim_age_dist,0,918103,1572864,0.583714
2077255016,evict_victim_age_dist,15,1141993,1572864,0.726060
2078357637,evict_victim_age_dist,15,1472676,1572864,0.936302
2079758014,evict_victim_age_dist,15,1422442,1572864,0.904364
2081092090,evict_victim_age_dist,15,1164085,1572864,0.740105
2082208692,evict_victim_age_dist,0,1003582,1572864,0.638060
2083195327,evict_victim_age_dist,15,1220802,1572864,0.776165
2084378518,evict_victim_age_dist,0,1345060,1572864,0.855166
2085657290,evict_victim_age_dist,0,979949,1572864,0.623035
2086615719,evict_victim_age_dist,0,1052712,1572864,0.669296
2087690932,evict_victim_age_dist,0,1133880,1572864,0.720901
2088822582,gc_victim_age_dist,0,343541,1572864,0.218417
2090336265,gc_victim_age_dist,0,802576,1572864,0.510264
2091909135,gc_victim_age_dist,0,670314,1572864,0.426174
2092835606,gc_victim_age_dist,0,793929,1572864,0.504766
2093952189,gc_victim_age_dist,0,450858,1572864,0.286648
2095054857,gc_victim_age_dist,0,423480,1572864,0.269241
2096627717,gc_victim_age_dist,0,883649,1572864,0.561809
2098200584,gc_victim_age_dist,0,367580,1572864,0.233701
2099773442,gc_victim_age_dist,0,697158,1572864,0.443241
2100647718,gc_victim_age_dist,0,799959,1572864,0.508600
2101760422,evict_victim_age_dist,15,1392700,1572864,0.885455
2103105228,evict_victim_age_dist,0,957702,1572864,0.608891
2104492035,evict_victim_age_dist,0,1041042,1572864,0.661877
2106064910,evict_victim_age_dist,0,1328697,1572864,0.844763
2107637761,evict_victim_age_dist,0,984309,1572864,0.625807
2109210634,evict_victim_age_dist,15,1016528,1572864,0.646291
2110783503,evict_victim_age_dist,0,755985,1572864,0.480642
2112356357,evict_victim_age_dist,0,717881,1572864,0.456416
2113929225,gc_victim_age_dist,0,499992,1572864,0.317886
2114581491,gc_victim_age_dist,0,608278,1572864,0.386733
2115502088,gc_victim_age_dist,0,671298,1572864,0.426800
2116298373,gc_victim_age_dist,0,815068,1572864,0.518206
2117237445,gc_victim_age_dist,0,830180,1572864,0.527814
2118178780,gc_victim_age_dist,0,836074,1572864,0.531562
2119177693,gc_victim_age_dist,0,457084,1572864,0.290606
2119536973,gc_victim_age_dist,0,505724,1572864,0.321531
2120241576,gc_victim_age_dist,0,752722,1572864,0.478568
2121275681,gc_victim_age_dist,0,671723,1572864,0.427070
2122179804,gc_victim_age_dist,0,886780,1572864,0.563800
2123366404,gc_victim_age_dist,0,754000,1572864,0.479380
2124299577,gc_victim_age_dist,0,743912,1572864,0.472967
2125274807,gc_victim_age_dist,0,896414,1572864,0.569925
2126494010,gc_victim_age_dist,0,759112,1572864,0.482630
2127655826,evict_victim_age_dist,0,736550,1572864,0.468286
2128388426,evict_victim_age_dist,0,1286196,1572864,0.817741
2129657859,evict_victim_age_dist,15,937247,1572864,0.595886
2131230736,evict_victim_age_dist,15,1178622,1572864,0.749348
2132803595,evict_victim_age_dist,15,1099817,1572864,0.699245
2134376453,evict_victim_age_dist,15,1030434,1572864,0.655132
2135949313,evict_victim_age_dist,0,943130,1572864,0.599626
2137522189,evict_victim_age_dist,15,1086185,1572864,0.690578
2139095046,gc_victim_age_dist,0,710198,1572864,0.451532
2140073968,gc_victim_age_dist,0,739556,1572864,0.470197
2141034793,gc_victim_age_dist,0,356866,1572864,0.226889
2141349235,gc_victim_age_dist,0,826220,1572864,0.525297
2142522257,gc_victim_age_dist,0,740786,1572864,0.470979
2143461686,gc_victim_age_dist,0,794050,1572864,0.504843
2144449798,gc_victim_age_dist,0,749518,1572864,0.476531
2145349524,gc_victim_age_dist,0,715303,1572864,0.454777
2146226423,gc_victim_age_dist,0,789588,1572864,0.502007
2147309979,gc_victim_age_dist,0,785900,1572864,0.499662
2147485273,gc_victim_age_dist,0,861496,1572864,0.547724
