time_sec,host_write_MB,cache_write_MB,backend_write_MB,gc_write_MB,host_write_delta_MB,cache_write_delta_MB,backend_write_delta_MB,gc_write_delta_MB,nvme_host_written_MB,nvme_media_written_MB,nvme_host_delta_MB,nvme_media_delta_MB,cache_read_MB,backend_read_MB,valid_blocks,write_hit_count,gc_victim_blocks,evict_victim_blocks,gc_count,evict_count,flush_count,gc_segments_allocated
2.00,0.00,0.00,0.00,0.00,0.00,0.00,0.00,0.00,0.00,0.00,0.00,0.00,0.00,0.00,0,0,0,0,0,0,0,0
4.00,0.00,0.00,0.00,0.00,0.00,0.00,0.00,0.00,5329920587.60,8234848730.58,5329920587.60,8234848730.58,0.00,0.00,0,0,0,0,0,0,0,0
6.00,0.00,0.00,0.00,0.00,0.00,0.00,0.00,0.00,5329920587.60,8234848730.58,0.00,0.00,0.00,0.00,0,0,0,0,0,0,0,0
8.00,0.00,0.00,0.00,0.00,0.00,0.00,0.00,0.00,5329920587.60,8234848730.58,0.00,0.00,0.00,0.00,0,0,0,0,0,0,0,0
10.00,0.00,0.00,0.00,0.00,0.00,0.00,0.00,0.00,5329920587.60,8234848730.58,0.00,0.00,0.00,0.00,0,0,0,0,0,0,0,0
12.00,0.00,0.00,0.00,0.00,0.00,0.00,0.00,0.00,5329920587.60,8234848730.58,0.00,0.00,0.00,0.00,0,0,0,0,0,0,0,0
14.00,0.00,0.00,0.00,0.00,0.00,0.00,0.00,0.00,5329920587.60,8234848730.58,0.00,0.00,0.00,0.00,0,0,0,0,0,0,0,0
16.00,0.00,0.00,0.00,0.00,0.00,0.00,0.00,0.00,5329920587.60,8234848730.58,0.00,0.00,0.00,0.00,0,0,0,0,0,0,0,0
18.00,0.00,0.00,0.00,0.00,0.00,0.00,0.00,0.00,5329920587.60,8234848730.58,0.00,0.00,0.00,0.00,0,0,0,0,0,0,0,0
20.00,0.00,0.00,0.00,0.00,0.00,0.00,0.00,0.00,5329920587.60,8234848730.58,0.00,0.00,0.00,0.00,0,0,0,0,0,0,0,0
22.00,0.00,0.00,0.00,0.00,0.00,0.00,0.00,0.00,5329920587.60,8234848730.58,0.00,0.00,0.00,0.00,0,0,0,0,0,0,0,0
24.00,0.00,0.00,0.00,0.00,0.00,0.00,0.00,0.00,5329920587.60,8234848730.58,0.00,0.00,0.00,0.00,0,0,0,0,0,0,0,0
26.00,0.00,0.00,0.00,0.00,0.00,0.00,0.00,0.00,5329920587.60,8234848730.58,0.00,0.00,0.00,0.00,0,0,0,0,0,0,0,0
28.00,0.00,0.00,0.00,0.00,0.00,0.00,0.00,0.00,5329920587.60,8234848730.58,0.00,0.00,0.00,0.00,0,0,0,0,0,0,0,0
30.00,0.00,0.00,0.00,0.00,0.00,0.00,0.00,0.00,5329920587.60,8234848730.58,0.00,0.00,0.00,0.00,0,0,0,0,0,0,0,0
32.00,0.00,0.00,0.00,0.00,0.00,0.00,0.00,0.00,5329920587.60,8234848730.58,0.00,0.00,0.00,0.00,0,0,0,0,0,0,0,0
34.00,0.00,0.00,0.00,0.00,0.00,0.00,0.00,0.00,5329920587.60,8234848730.58,0.00,0.00,0.00,0.00,0,0,0,0,0,0,0,0
36.00,0.00,0.00,0.00,0.00,0.00,0.00,0.00,0.00,5329920587.60,8234848730.58,0.00,0.00,0.00,0.00,0,0,0,0,0,0,0,0
38.00,0.00,0.00,0.00,0.00,0.00,0.00,0.00,0.00,5329920587.60,8234848730.58,0.00,0.00,0.00,0.00,0,0,0,0,0,0,0,0
40.00,0.00,0.00,0.00,0.00,0.00,0.00,0.00,0.00,5329920587.60,8234848730.58,0.00,0.00,0.00,0.00,0,0,0,0,0,0,0,0
42.00,0.00,0.00,0.00,0.00,0.00,0.00,0.00,0.00,5329920587.60,8234848730.58,0.00,0.00,0.00,0.00,0,0,0,0,0,0,0,0
44.00,0.00,0.00,0.00,0.00,0.00,0.00,0.00,0.00,5329920587.60,8234848730.58,0.00,0.00,0.00,0.00,0,0,0,0,0,0,0,0
46.00,0.00,0.00,0.00,0.00,0.00,0.00,0.00,0.00,5329920587.60,8234848730.58,0.00,0.00,0.00,0.00,0,0,0,0,0,0,0,0
48.00,0.00,0.00,0.00,0.00,0.00,0.00,0.00,0.00,5329920587.60,8234848730.58,0.00,0.00,0.00,0.00,0,0,0,0,0,0,0,0
50.00,0.00,0.00,0.00,0.00,0.00,0.00,0.00,0.00,5329920587.60,8234848730.58,0.00,0.00,0.00,0.00,0,0,0,0,0,0,0,0
52.00,0.00,0.00,0.00,0.00,0.00,0.00,0.00,0.00,5329920587.60,8234848730.58,0.00,0.00,0.00,0.00,0,0,0,0,0,0,0,0
54.00,0.00,0.00,0.00,0.00,0.00,0.00,0.00,0.00,5329920587.60,8234848730.58,0.00,0.00,0.00,0.00,0,0,0,0,0,0,0,0
56.00,0.00,0.00,0.00,0.00,0.00,0.00,0.00,0.00,5329920587.60,8234848730.58,0.00,0.00,0.00,0.00,0,0,0,0,0,0,0,0
58.00,0.00,0.00,0.00,0.00,0.00,0.00,0.00,0.00,5329920587.60,8234848730.58,0.00,0.00,0.00,0.00,0,0,0,0,0,0,0,0
60.00,0.00,0.00,0.00,0.00,0.00,0.00,0.00,0.00,5329920587.60,8234848730.58,0.00,0.00,0.00,0.00,0,0,0,0,0,0,0,0
62.00,0.00,0.00,0.00,0.00,0.00,0.00,0.00,0.00,5329920587.60,8234848730.58,0.00,0.00,0.00,0.00,0,0,0,0,0,0,0,0
64.00,0.00,0.00,0.00,0.00,0.00,0.00,0.00,0.00,5329920587.60,8234848730.58,0.00,0.00,0.00,0.00,0,0,0,0,0,0,0,0
66.00,0.00,0.00,0.00,0.00,0.00,0.00,0.00,0.00,5329920587.60,8234848730.58,0.00,0.00,0.00,0.00,0,0,0,0,0,0,0,0
68.00,0.00,0.00,0.00,0.00,0.00,0.00,0.00,0.00,5329920587.60,8234848730.58,0.00,0.00,0.00,0.00,0,0,0,0,0,0,0,0
70.00,0.00,0.00,0.00,0.00,0.00,0.00,0.00,0.00,5329920587.60,8234848730.58,0.00,0.00,0.00,0.00,0,0,0,0,0,0,0,0
72.00,0.00,0.00,0.00,0.00,0.00,0.00,0.00,0.00,5329920587.60,8234848730.58,0.00,0.00,0.00,0.00,0,0,0,0,0,0,0,0
74.00,0.00,0.00,0.00,0.00,0.00,0.00,0.00,0.00,5329920587.60,8234848730.58,0.00,0.00,0.00,0.00,0,0,0,0,0,0,0,0
76.00,0.00,0.00,0.00,0.00,0.00,0.00,0.00,0.00,5329920587.60,8234848730.58,0.00,0.00,0.00,0.00,0,0,0,0,0,0,0,0
78.00,0.00,0.00,0.00,0.00,0.00,0.00,0.00,0.00,5329920587.60,8234848730.58,0.00,0.00,0.00,0.00,0,0,0,0,0,0,0,0
80.00,0.00,0.00,0.00,0.00,0.00,0.00,0.00,0.00,5329920587.60,8234848730.58,0.00,0.00,0.00,0.00,0,0,0,0,0,0,0,0
82.00,0.00,0.00,0.00,0.00,0.00,0.00,0.00,0.00,5329920587.60,8234848730.58,0.00,0.00,0.00,0.00,0,0,0,0,0,0,0,0
84.00,0.00,0.00,0.00,0.00,0.00,0.00,0.00,0.00,5329920587.60,8234848730.58,0.00,0.00,0.00,0.00,0,0,0,0,0,0,0,0
86.00,0.00,0.00,0.00,0.00,0.00,0.00,0.00,0.00,5329920587.60,8234848730.58,0.00,0.00,0.00,0.00,0,0,0,0,0,0,0,0
88.00,0.00,0.00,0.00,0.00,0.00,0.00,0.00,0.00,5329920587.60,8234848730.58,0.00,0.00,0.00,0.00,0,0,0,0,0,0,0,0
90.00,0.00,0.00,0.00,0.00,0.00,0.00,0.00,0.00,5329920587.60,8234848730.58,0.00,0.00,0.00,0.00,0,0,0,0,0,0,0,0
92.00,0.00,0.00,0.00,0.00,0.00,0.00,0.00,0.00,5329920587.60,8234848730.58,0.00,0.00,0.00,0.00,0,0,0,0,0,0,0,0
94.00,0.00,0.00,0.00,0.00,0.00,0.00,0.00,0.00,5329920587.60,8234848730.58,0.00,0.00,0.00,0.00,0,0,0,0,0,0,0,0
96.00,0.00,0.00,0.00,0.00,0.00,0.00,0.00,0.00,5329920587.60,8234848730.58,0.00,0.00,0.00,0.00,0,0,0,0,0,0,0,0
98.00,0.00,0.00,0.00,0.00,0.00,0.00,0.00,0.00,5329920587.60,8234848730.58,0.00,0.00,0.00,0.00,0,0,0,0,0,0,0,0
100.00,0.00,0.00,0.00,0.00,0.00,0.00,0.00,0.00,5329920587.60,8234848730.58,0.00,0.00,0.00,0.00,0,0,0,0,0,0,0,0
102.00,0.00,0.00,0.00,0.00,0.00,0.00,0.00,0.00,5329920587.60,8234848730.58,0.00,0.00,0.00,0.00,0,0,0,0,0,0,0,0
104.00,0.00,0.00,0.00,0.00,0.00,0.00,0.00,0.00,5329920587.60,8234848730.58,0.00,0.00,0.00,0.00,0,0,0,0,0,0,0,0
106.00,0.00,0.00,0.00,0.00,0.00,0.00,0.00,0.00,5329920587.60,8234848730.58,0.00,0.00,0.00,0.00,0,0,0,0,0,0,0,0
108.00,0.00,0.00,0.00,0.00,0.00,0.00,0.00,0.00,5329920587.60,8234848730.58,0.00,0.00,0.00,0.00,0,0,0,0,0,0,0,0
110.00,0.00,0.00,0.00,0.00,0.00,0.00,0.00,0.00,5329920587.60,8234848730.58,0.00,0.00,0.00,0.00,0,0,0,0,0,0,0,0
112.00,0.00,0.00,0.00,0.00,0.00,0.00,0.00,0.00,5329920587.60,8234848730.58,0.00,0.00,0.00,0.00,0,0,0,0,0,0,0,0
114.00,0.00,0.00,0.00,0.00,0.00,0.00,0.00,0.00,5329920587.60,8234848730.58,0.00,0.00,0.00,0.00,0,0,0,0,0,0,0,0
116.00,0.00,0.00,0.00,0.00,0.00,0.00,0.00,0.00,5329920587.60,8234848730.58,0.00,0.00,0.00,0.00,0,0,0,0,0,0,0,0
118.00,0.00,0.00,0.00,0.00,0.00,0.00,0.00,0.00,5329920587.60,8234848730.58,0.00,0.00,0.00,0.00,0,0,0,0,0,0,0,0
120.00,0.00,0.00,0.00,0.00,0.00,0.00,0.00,0.00,5329920587.60,8234848730.58,0.00,0.00,0.00,0.00,0,0,0,0,0,0,0,0
122.00,0.00,0.00,0.00,0.00,0.00,0.00,0.00,0.00,5329920587.60,8234848730.58,0.00,0.00,0.00,0.00,0,0,0,0,0,0,0,0
124.00,0.00,0.00,0.00,0.00,0.00,0.00,0.00,0.00,5329920587.60,8234848730.58,0.00,0.00,0.00,0.00,0,0,0,0,0,0,0,0
126.00,0.00,0.00,0.00,0.00,0.00,0.00,0.00,0.00,5329920587.60,8234848730.58,0.00,0.00,0.00,0.00,0,0,0,0,0,0,0,0
128.00,0.00,0.00,0.00,0.00,0.00,0.00,0.00,0.00,5329920587.60,8234848730.58,0.00,0.00,0.00,0.00,0,0,0,0,0,0,0,0
130.00,0.00,0.00,0.00,0.00,0.00,0.00,0.00,0.00,5329920587.60,8234848730.58,0.00,0.00,0.00,0.00,0,0,0,0,0,0,0,0
132.00,0.00,0.00,0.00,0.00,0.00,0.00,0.00,0.00,5329920587.60,8234848730.58,0.00,0.00,0.00,0.00,0,0,0,0,0,0,0,0
134.00,0.00,0.00,0.00,0.00,0.00,0.00,0.00,0.00,5329920587.60,8234848730.58,0.00,0.00,0.00,0.00,0,0,0,0,0,0,0,0
136.00,0.00,0.00,0.00,0.00,0.00,0.00,0.00,0.00,5329920587.60,8234848730.58,0.00,0.00,0.00,0.00,0,0,0,0,0,0,0,0
138.00,0.00,0.00,0.00,0.00,0.00,0.00,0.00,0.00,5329920587.60,8234848730.58,0.00,0.00,0.00,0.00,0,0,0,0,0,0,0,0
140.00,0.00,0.00,0.00,0.00,0.00,0.00,0.00,0.00,5329920587.60,8234848730.58,0.00,0.00,0.00,0.00,0,0,0,0,0,0,0,0
142.00,0.00,0.00,0.00,0.00,0.00,0.00,0.00,0.00,5329920587.60,8234848730.58,0.00,0.00,0.00,0.00,0,0,0,0,0,0,0,0
144.00,0.00,0.00,0.00,0.00,0.00,0.00,0.00,0.00,5329920587.60,8234848730.58,0.00,0.00,0.00,0.00,0,0,0,0,0,0,0,0
146.00,0.00,0.00,0.00,0.00,0.00,0.00,0.00,0.00,5329920587.60,8234848730.58,0.00,0.00,0.00,0.00,0,0,0,0,0,0,0,0
148.00,0.00,0.00,0.00,0.00,0.00,0.00,0.00,0.00,5329920587.60,8234848730.58,0.00,0.00,0.00,0.00,0,0,0,0,0,0,0,0
150.00,0.00,0.00,0.00,0.00,0.00,0.00,0.00,0.00,5329920587.60,8234848730.58,0.00,0.00,0.00,0.00,0,0,0,0,0,0,0,0
152.00,0.00,0.00,0.00,0.00,0.00,0.00,0.00,0.00,5329920587.60,8234848730.58,0.00,0.00,0.00,0.00,0,0,0,0,0,0,0,0
154.00,0.00,0.00,0.00,0.00,0.00,0.00,0.00,0.00,5329920587.60,8234848730.58,0.00,0.00,0.00,0.00,0,0,0,0,0,0,0,0
156.00,0.00,0.00,0.00,0.00,0.00,0.00,0.00,0.00,5329920587.60,8234848730.58,0.00,0.00,0.00,0.00,0,0,0,0,0,0,0,0
158.00,0.00,0.00,0.00,0.00,0.00,0.00,0.00,0.00,5329920587.60,8234848730.58,0.00,0.00,0.00,0.00,0,0,0,0,0,0,0,0
160.00,0.00,0.00,0.00,0.00,0.00,0.00,0.00,0.00,5329920587.60,8234848730.58,0.00,0.00,0.00,0.00,0,0,0,0,0,0,0,0
162.00,0.00,0.00,0.00,0.00,0.00,0.00,0.00,0.00,5329920587.60,8234848730.58,0.00,0.00,0.00,0.00,0,0,0,0,0,0,0,0
164.00,0.00,0.00,0.00,0.00,0.00,0.00,0.00,0.00,5329920587.60,8234848730.58,0.00,0.00,0.00,0.00,0,0,0,0,0,0,0,0
166.00,0.00,0.00,0.00,0.00,0.00,0.00,0.00,0.00,5329920587.60,8234848730.58,0.00,0.00,0.00,0.00,0,0,0,0,0,0,0,0
168.00,0.00,0.00,0.00,0.00,0.00,0.00,0.00,0.00,5329920587.60,8234848730.58,0.00,0.00,0.00,0.00,0,0,0,0,0,0,0,0
170.00,0.00,0.00,0.00,0.00,0.00,0.00,0.00,0.00,5329920587.60,8234848730.58,0.00,0.00,0.00,0.00,0,0,0,0,0,0,0,0
172.00,0.00,0.00,0.00,0.00,0.00,0.00,0.00,0.00,5329920587.60,8234848730.58,0.00,0.00,0.00,0.00,0,0,0,0,0,0,0,0
174.00,0.00,0.00,0.00,0.00,0.00,0.00,0.00,0.00,5329920587.60,8234848730.58,0.00,0.00,0.00,0.00,0,0,0,0,0,0,0,0
176.00,0.00,0.00,0.00,0.00,0.00,0.00,0.00,0.00,5329920587.60,8234848730.58,0.00,0.00,0.00,0.00,0,0,0,0,0,0,0,0
178.00,0.00,0.00,0.00,0.00,0.00,0.00,0.00,0.00,5329920587.60,8234848730.58,0.00,0.00,0.00,0.00,0,0,0,0,0,0,0,0
180.00,0.00,0.00,0.00,0.00,0.00,0.00,0.00,0.00,5329920587.60,8234848730.58,0.00,0.00,0.00,0.00,0,0,0,0,0,0,0,0
182.00,0.00,0.00,0.00,0.00,0.00,0.00,0.00,0.00,5329920587.60,8234848730.58,0.00,0.00,0.00,0.00,0,0,0,0,0,0,0,0
184.00,0.00,0.00,0.00,0.00,0.00,0.00,0.00,0.00,5329920587.60,8234848730.58,0.00,0.00,0.00,0.00,0,0,0,0,0,0,0,0
186.00,0.00,0.00,0.00,0.00,0.00,0.00,0.00,0.00,5329920587.60,8234848730.58,0.00,0.00,0.00,0.00,0,0,0,0,0,0,0,0
188.00,0.00,0.00,0.00,0.00,0.00,0.00,0.00,0.00,5329920587.60,8234848730.58,0.00,0.00,0.00,0.00,0,0,0,0,0,0,0,0
190.00,0.00,0.00,0.00,0.00,0.00,0.00,0.00,0.00,5329920587.60,8234848730.58,0.00,0.00,0.00,0.00,0,0,0,0,0,0,0,0
192.00,0.00,0.00,0.00,0.00,0.00,0.00,0.00,0.00,5329920587.60,8234848730.58,0.00,0.00,0.00,0.00,0,0,0,0,0,0,0,0
194.00,0.00,0.00,0.00,0.00,0.00,0.00,0.00,0.00,5329920587.60,8234848730.58,0.00,0.00,0.00,0.00,0,0,0,0,0,0,0,0
196.00,0.00,0.00,0.00,0.00,0.00,0.00,0.00,0.00,5329920587.60,8234848730.58,0.00,0.00,0.00,0.00,0,0,0,0,0,0,0,0
198.00,0.00,0.00,0.00,0.00,0.00,0.00,0.00,0.00,5329920587.60,8234848730.58,0.00,0.00,0.00,0.00,0,0,0,0,0,0,0,0
200.00,0.00,0.00,0.00,0.00,0.00,0.00,0.00,0.00,5329920587.60,8234848730.58,0.00,0.00,0.00,0.00,0,0,0,0,0,0,0,0
202.00,0.00,0.00,0.00,0.00,0.00,0.00,0.00,0.00,5329920587.60,8234848730.58,0.00,0.00,0.00,0.00,0,0,0,0,0,0,0,0
204.00,0.00,0.00,0.00,0.00,0.00,0.00,0.00,0.00,5329920587.60,8234848730.58,0.00,0.00,0.00,0.00,0,0,0,0,0,0,0,0
206.00,0.00,0.00,0.00,0.00,0.00,0.00,0.00,0.00,5329920587.60,8234848730.58,0.00,0.00,0.00,0.00,0,0,0,0,0,0,0,0
208.00,0.00,0.00,0.00,0.00,0.00,0.00,0.00,0.00,5329920587.60,8234848730.58,0.00,0.00,0.00,0.00,0,0,0,0,0,0,0,0
210.00,0.00,0.00,0.00,0.00,0.00,0.00,0.00,0.00,5329920587.60,8234848730.58,0.00,0.00,0.00,0.00,0,0,0,0,0,0,0,0
212.00,0.00,0.00,0.00,0.00,0.00,0.00,0.00,0.00,5329920587.60,8234848730.58,0.00,0.00,0.00,0.00,0,0,0,0,0,0,0,0
214.00,0.00,0.00,0.00,0.00,0.00,0.00,0.00,0.00,5329920587.60,8234848730.58,0.00,0.00,0.00,0.00,0,0,0,0,0,0,0,0
216.00,0.00,0.00,0.00,0.00,0.00,0.00,0.00,0.00,5329920587.60,8234848730.58,0.00,0.00,0.00,0.00,0,0,0,0,0,0,0,0
218.00,0.00,0.00,0.00,0.00,0.00,0.00,0.00,0.00,5329920587.60,8234848730.58,0.00,0.00,0.00,0.00,0,0,0,0,0,0,0,0
220.00,0.00,0.00,0.00,0.00,0.00,0.00,0.00,0.00,5329920587.60,8234848730.58,0.00,0.00,0.00,0.00,0,0,0,0,0,0,0,0
222.00,0.00,0.00,0.00,0.00,0.00,0.00,0.00,0.00,5329920587.60,8234848730.58,0.00,0.00,0.00,0.00,0,0,0,0,0,0,0,0
224.00,0.00,0.00,0.00,0.00,0.00,0.00,0.00,0.00,5329920587.60,8234848730.58,0.00,0.00,0.00,0.00,0,0,0,0,0,0,0,0
226.00,0.00,0.00,0.00,0.00,0.00,0.00,0.00,0.00,5329920587.60,8234848730.58,0.00,0.00,0.00,0.00,0,0,0,0,0,0,0,0
228.00,0.00,0.00,0.00,0.00,0.00,0.00,0.00,0.00,5329920587.60,8234848730.58,0.00,0.00,0.00,0.00,0,0,0,0,0,0,0,0
230.00,0.00,0.00,0.00,0.00,0.00,0.00,0.00,0.00,5329920587.60,8234848730.58,0.00,0.00,0.00,0.00,0,0,0,0,0,0,0,0
232.00,0.00,0.00,0.00,0.00,0.00,0.00,0.00,0.00,5329920587.60,8234848730.58,0.00,0.00,0.00,0.00,0,0,0,0,0,0,0,0
234.00,0.00,0.00,0.00,0.00,0.00,0.00,0.00,0.00,5329920587.60,8234848730.58,0.00,0.00,0.00,0.00,0,0,0,0,0,0,0,0
236.00,0.00,0.00,0.00,0.00,0.00,0.00,0.00,0.00,5329920587.60,8234848730.58,0.00,0.00,0.00,0.00,0,0,0,0,0,0,0,0
238.00,0.00,0.00,0.00,0.00,0.00,0.00,0.00,0.00,5329920587.60,8234848730.58,0.00,0.00,0.00,0.00,0,0,0,0,0,0,0,0
240.00,0.00,0.00,0.00,0.00,0.00,0.00,0.00,0.00,5329920587.60,8234848730.58,0.00,0.00,0.00,0.00,0,0,0,0,0,0,0,0
242.00,0.00,0.00,0.00,0.00,0.00,0.00,0.00,0.00,5329920587.60,8234848730.58,0.00,0.00,0.00,0.00,0,0,0,0,0,0,0,0
244.00,0.00,0.00,0.00,0.00,0.00,0.00,0.00,0.00,5329920587.60,8234848730.58,0.00,0.00,0.00,0.00,0,0,0,0,0,0,0,0
246.00,0.00,0.00,0.00,0.00,0.00,0.00,0.00,0.00,5329920587.60,8234848730.58,0.00,0.00,0.00,0.00,0,0,0,0,0,0,0,0
248.00,0.00,0.00,0.00,0.00,0.00,0.00,0.00,0.00,5329920587.60,8234848730.58,0.00,0.00,0.00,0.00,0,0,0,0,0,0,0,0
250.00,0.00,0.00,0.00,0.00,0.00,0.00,0.00,0.00,5329920587.60,8234848730.58,0.00,0.00,0.00,0.00,0,0,0,0,0,0,0,0
252.00,0.00,0.00,0.00,0.00,0.00,0.00,0.00,0.00,5329920587.60,8234848730.58,0.00,0.00,0.00,0.00,0,0,0,0,0,0,0,0
254.00,0.00,0.00,0.00,0.00,0.00,0.00,0.00,0.00,5329920587.60,8234848730.58,0.00,0.00,0.00,0.00,0,0,0,0,0,0,0,0
256.00,0.00,0.00,0.00,0.00,0.00,0.00,0.00,0.00,5329920587.60,8234848730.58,0.00,0.00,0.00,0.00,0,0,0,0,0,0,0,0
258.00,0.00,0.00,0.00,0.00,0.00,0.00,0.00,0.00,5329920587.60,8234848730.58,0.00,0.00,0.00,0.00,0,0,0,0,0,0,0,0
260.00,0.00,0.00,0.00,0.00,0.00,0.00,0.00,0.00,5329920587.60,8234848730.58,0.00,0.00,0.00,0.00,0,0,0,0,0,0,0,0
262.00,0.00,0.00,0.00,0.00,0.00,0.00,0.00,0.00,5329920587.60,8234848730.58,0.00,0.00,0.00,0.00,0,0,0,0,0,0,0,0
264.00,0.00,0.00,0.00,0.00,0.00,0.00,0.00,0.00,5329920587.60,8234848730.58,0.00,0.00,0.00,0.00,0,0,0,0,0,0,0,0
266.00,0.00,0.00,0.00,0.00,0.00,0.00,0.00,0.00,5329920587.60,8234848730.58,0.00,0.00,0.00,0.00,0,0,0,0,0,0,0,0
268.00,0.00,0.00,0.00,0.00,0.00,0.00,0.00,0.00,5329920587.60,8234848730.58,0.00,0.00,0.00,0.00,0,0,0,0,0,0,0,0
270.00,0.00,0.00,0.00,0.00,0.00,0.00,0.00,0.00,5329920587.60,8234848730.58,0.00,0.00,0.00,0.00,0,0,0,0,0,0,0,0
272.00,0.00,0.00,0.00,0.00,0.00,0.00,0.00,0.00,5329920587.60,8234848730.58,0.00,0.00,0.00,0.00,0,0,0,0,0,0,0,0
274.00,0.00,0.00,0.00,0.00,0.00,0.00,0.00,0.00,5329920587.60,8234848730.58,0.00,0.00,0.00,0.00,0,0,0,0,0,0,0,0
276.00,0.00,0.00,0.00,0.00,0.00,0.00,0.00,0.00,5329920587.60,8234848730.58,0.00,0.00,0.00,0.00,0,0,0,0,0,0,0,0
278.00,0.00,0.00,0.00,0.00,0.00,0.00,0.00,0.00,5329920587.60,8234848730.58,0.00,0.00,0.00,0.00,0,0,0,0,0,0,0,0
280.00,0.00,0.00,0.00,0.00,0.00,0.00,0.00,0.00,5329920587.60,8234848730.58,0.00,0.00,0.00,0.00,0,0,0,0,0,0,0,0
282.00,0.00,0.00,0.00,0.00,0.00,0.00,0.00,0.00,5329920587.60,8234848730.58,0.00,0.00,0.00,0.00,0,0,0,0,0,0,0,0
284.00,0.00,0.00,0.00,0.00,0.00,0.00,0.00,0.00,5329920587.60,8234848730.58,0.00,0.00,0.00,0.00,0,0,0,0,0,0,0,0
286.00,0.00,0.00,0.00,0.00,0.00,0.00,0.00,0.00,5329920587.60,8234848730.58,0.00,0.00,0.00,0.00,0,0,0,0,0,0,0,0
288.00,0.00,0.00,0.00,0.00,0.00,0.00,0.00,0.00,5329920587.60,8234848730.58,0.00,0.00,0.00,0.00,0,0,0,0,0,0,0,0
290.00,0.00,0.00,0.00,0.00,0.00,0.00,0.00,0.00,5329920587.60,8234848730.58,0.00,0.00,0.00,0.00,0,0,0,0,0,0,0,0
292.00,0.00,0.00,0.00,0.00,0.00,0.00,0.00,0.00,5329920587.60,8234848730.58,0.00,0.00,0.00,0.00,0,0,0,0,0,0,0,0
294.00,0.00,0.00,0.00,0.00,0.00,0.00,0.00,0.00,5329920587.60,8235742716.27,0.00,893985.69,0.00,0.00,0,0,0,0,0,0,0,0
296.00,0.00,0.00,0.00,0.00,0.00,0.00,0.00,0.00,5329920587.60,8235742716.27,0.00,0.00,0.00,0.00,0,0,0,0,0,0,0,0
298.00,0.00,0.00,0.00,0.00,0.00,0.00,0.00,0.00,5329920587.60,8235742716.27,0.00,0.00,0.00,0.00,0,0,0,0,0,0,0,0
300.00,0.00,0.00,0.00,0.00,0.00,0.00,0.00,0.00,5329920587.60,8235742716.27,0.00,0.00,0.00,0.00,0,0,0,0,0,0,0,0
302.00,0.00,0.00,0.00,0.00,0.00,0.00,0.00,0.00,5329920587.60,8235742716.27,0.00,0.00,0.00,0.00,0,0,0,0,0,0,0,0
304.00,0.00,0.00,0.00,0.00,0.00,0.00,0.00,0.00,5329920587.60,8235742716.27,0.00,0.00,0.00,0.00,0,0,0,0,0,0,0,0
306.00,0.00,0.00,0.00,0.00,0.00,0.00,0.00,0.00,5329920587.60,8235742716.27,0.00,0.00,0.00,0.00,0,0,0,0,0,0,0,0
308.00,0.00,0.00,0.00,0.00,0.00,0.00,0.00,0.00,5329920587.60,8235742716.27,0.00,0.00,0.00,0.00,0,0,0,0,0,0,0,0
310.00,0.00,0.00,0.00,0.00,0.00,0.00,0.00,0.00,5329920587.60,8235742716.27,0.00,0.00,0.00,0.00,0,0,0,0,0,0,0,0
312.00,0.00,0.00,0.00,0.00,0.00,0.00,0.00,0.00,5329920587.60,8235742716.27,0.00,0.00,0.00,0.00,0,0,0,0,0,0,0,0
314.00,0.00,0.00,0.00,0.00,0.00,0.00,0.00,0.00,5329920587.60,8235742716.27,0.00,0.00,0.00,0.00,0,0,0,0,0,0,0,0
316.00,0.00,0.00,0.00,0.00,0.00,0.00,0.00,0.00,5329920587.60,8235742716.27,0.00,0.00,0.00,0.00,0,0,0,0,0,0,0,0
318.00,0.00,0.00,0.00,0.00,0.00,0.00,0.00,0.00,5329920587.60,8235742716.27,0.00,0.00,0.00,0.00,0,0,0,0,0,0,0,0
320.00,0.00,0.00,0.00,0.00,0.00,0.00,0.00,0.00,5329920587.60,8235742716.27,0.00,0.00,0.00,0.00,0,0,0,0,0,0,0,0
322.00,0.00,0.00,0.00,0.00,0.00,0.00,0.00,0.00,5329920587.60,8235742716.27,0.00,0.00,0.00,0.00,0,0,0,0,0,0,0,0
324.00,0.00,0.00,0.00,0.00,0.00,0.00,0.00,0.00,5329920587.60,8235742716.27,0.00,0.00,0.00,0.00,0,0,0,0,0,0,0,0
326.00,0.00,0.00,0.00,0.00,0.00,0.00,0.00,0.00,5329920587.60,8235742716.27,0.00,0.00,0.00,0.00,0,0,0,0,0,0,0,0
328.00,0.00,0.00,0.00,0.00,0.00,0.00,0.00,0.00,5329920587.60,8235742716.27,0.00,0.00,0.00,0.00,0,0,0,0,0,0,0,0
330.00,0.00,0.00,0.00,0.00,0.00,0.00,0.00,0.00,5329920587.60,8235742716.27,0.00,0.00,0.00,0.00,0,0,0,0,0,0,0,0
332.00,0.00,0.00,0.00,0.00,0.00,0.00,0.00,0.00,5329920587.60,8235742716.27,0.00,0.00,0.00,0.00,0,0,0,0,0,0,0,0
334.00,0.00,0.00,0.00,0.00,0.00,0.00,0.00,0.00,5329920587.60,8235742716.27,0.00,0.00,0.00,0.00,0,0,0,0,0,0,0,0
336.00,0.00,0.00,0.00,0.00,0.00,0.00,0.00,0.00,5329920587.60,8235742716.27,0.00,0.00,0.00,0.00,0,0,0,0,0,0,0,0
338.00,0.00,0.00,0.00,0.00,0.00,0.00,0.00,0.00,5329920587.60,8235742716.27,0.00,0.00,0.00,0.00,0,0,0,0,0,0,0,0
340.00,0.00,0.00,0.00,0.00,0.00,0.00,0.00,0.00,5329920587.60,8235742716.27,0.00,0.00,0.00,0.00,0,0,0,0,0,0,0,0
342.00,0.00,0.00,0.00,0.00,0.00,0.00,0.00,0.00,5329920587.60,8235742716.27,0.00,0.00,0.00,0.00,0,0,0,0,0,0,0,0
344.00,0.00,0.00,0.00,0.00,0.00,0.00,0.00,0.00,5329920587.60,8235742716.27,0.00,0.00,0.00,0.00,0,0,0,0,0,0,0,0
346.00,0.00,0.00,0.00,0.00,0.00,0.00,0.00,0.00,5329920587.60,8235742716.27,0.00,0.00,0.00,0.00,0,0,0,0,0,0,0,0
348.00,0.00,0.00,0.00,0.00,0.00,0.00,0.00,0.00,5329920587.60,8235742716.27,0.00,0.00,0.00,0.00,0,0,0,0,0,0,0,0
350.00,0.00,0.00,0.00,0.00,0.00,0.00,0.00,0.00,5329920587.60,8235742716.27,0.00,0.00,0.00,0.00,0,0,0,0,0,0,0,0
352.00,0.00,0.00,0.00,0.00,0.00,0.00,0.00,0.00,5329920587.60,8235742716.27,0.00,0.00,0.00,0.00,0,0,0,0,0,0,0,0
354.00,0.00,0.00,0.00,0.00,0.00,0.00,0.00,0.00,5329920587.60,8235742716.27,0.00,0.00,0.00,0.00,0,0,0,0,0,0,0,0
356.00,0.00,0.00,0.00,0.00,0.00,0.00,0.00,0.00,5329920587.60,8235742716.27,0.00,0.00,0.00,0.00,0,0,0,0,0,0,0,0
358.00,0.00,0.00,0.00,0.00,0.00,0.00,0.00,0.00,5329920587.60,8235742716.27,0.00,0.00,0.00,0.00,0,0,0,0,0,0,0,0
360.00,0.00,0.00,0.00,0.00,0.00,0.00,0.00,0.00,5329920587.60,8235742716.27,0.00,0.00,0.00,0.00,0,0,0,0,0,0,0,0
362.00,0.00,0.00,0.00,0.00,0.00,0.00,0.00,0.00,5329920587.60,8235742716.27,0.00,0.00,0.00,0.00,0,0,0,0,0,0,0,0
364.00,0.00,0.00,0.00,0.00,0.00,0.00,0.00,0.00,5329920587.60,8235742716.27,0.00,0.00,0.00,0.00,0,0,0,0,0,0,0,0
366.00,0.00,0.00,0.00,0.00,0.00,0.00,0.00,0.00,5329920587.60,8235742716.27,0.00,0.00,0.00,0.00,0,0,0,0,0,0,0,0
368.00,0.00,0.00,0.00,0.00,0.00,0.00,0.00,0.00,5329920587.60,8235742716.27,0.00,0.00,0.00,0.00,0,0,0,0,0,0,0,0
370.00,0.00,0.00,0.00,0.00,0.00,0.00,0.00,0.00,5329920587.60,8235742716.27,0.00,0.00,0.00,0.00,0,0,0,0,0,0,0,0
372.00,0.00,0.00,0.00,0.00,0.00,0.00,0.00,0.00,5329920587.60,8235742716.27,0.00,0.00,0.00,0.00,0,0,0,0,0,0,0,0
374.00,0.00,0.00,0.00,0.00,0.00,0.00,0.00,0.00,5329920587.60,8235742716.27,0.00,0.00,0.00,0.00,0,0,0,0,0,0,0,0
376.00,0.00,0.00,0.00,0.00,0.00,0.00,0.00,0.00,5329920587.60,8235742716.27,0.00,0.00,0.00,0.00,0,0,0,0,0,0,0,0
378.00,0.00,0.00,0.00,0.00,0.00,0.00,0.00,0.00,5329920587.60,8235742716.27,0.00,0.00,0.00,0.00,0,0,0,0,0,0,0,0
380.00,0.00,0.00,0.00,0.00,0.00,0.00,0.00,0.00,5329920587.60,8235742716.27,0.00,0.00,0.00,0.00,0,0,0,0,0,0,0,0
382.00,0.00,0.00,0.00,0.00,0.00,0.00,0.00,0.00,5329920587.60,8235742716.27,0.00,0.00,0.00,0.00,0,0,0,0,0,0,0,0
384.00,0.00,0.00,0.00,0.00,0.00,0.00,0.00,0.00,5329920587.60,8235742716.27,0.00,0.00,0.00,0.00,0,0,0,0,0,0,0,0
386.00,0.00,0.00,0.00,0.00,0.00,0.00,0.00,0.00,5329920587.60,8235742716.27,0.00,0.00,0.00,0.00,0,0,0,0,0,0,0,0
388.00,0.00,0.00,0.00,0.00,0.00,0.00,0.00,0.00,5329920587.60,8235742716.27,0.00,0.00,0.00,0.00,0,0,0,0,0,0,0,0
390.00,0.00,0.00,0.00,0.00,0.00,0.00,0.00,0.00,5329920587.60,8235742716.27,0.00,0.00,0.00,0.00,0,0,0,0,0,0,0,0
392.00,0.00,0.00,0.00,0.00,0.00,0.00,0.00,0.00,5329920587.60,8235742716.27,0.00,0.00,0.00,0.00,0,0,0,0,0,0,0,0
394.00,0.00,0.00,0.00,0.00,0.00,0.00,0.00,0.00,5329920587.60,8235742716.27,0.00,0.00,0.00,0.00,0,0,0,0,0,0,0,0
396.00,0.00,0.00,0.00,0.00,0.00,0.00,0.00,0.00,5329920587.60,8235742716.27,0.00,0.00,0.00,0.00,0,0,0,0,0,0,0,0
398.00,0.00,0.00,0.00,0.00,0.00,0.00,0.00,0.00,5329920587.60,8235742716.27,0.00,0.00,0.00,0.00,0,0,0,0,0,0,0,0
400.00,0.00,0.00,0.00,0.00,0.00,0.00,0.00,0.00,5329920587.60,8235742716.27,0.00,0.00,0.00,0.00,0,0,0,0,0,0,0,0
402.00,0.00,0.00,0.00,0.00,0.00,0.00,0.00,0.00,5329920587.60,8235742716.27,0.00,0.00,0.00,0.00,0,0,0,0,0,0,0,0
404.00,0.00,0.00,0.00,0.00,0.00,0.00,0.00,0.00,5329920587.60,8235742716.27,0.00,0.00,0.00,0.00,0,0,0,0,0,0,0,0
406.00,0.00,0.00,0.00,0.00,0.00,0.00,0.00,0.00,5329920587.60,8235742716.27,0.00,0.00,0.00,0.00,0,0,0,0,0,0,0,0
408.00,0.00,0.00,0.00,0.00,0.00,0.00,0.00,0.00,5329920587.60,8235742716.27,0.00,0.00,0.00,0.00,0,0,0,0,0,0,0,0
410.00,0.00,0.00,0.00,0.00,0.00,0.00,0.00,0.00,5329920587.60,8235742716.27,0.00,0.00,0.00,0.00,0,0,0,0,0,0,0,0
412.00,0.00,0.00,0.00,0.00,0.00,0.00,0.00,0.00,5329920587.60,8235742716.27,0.00,0.00,0.00,0.00,0,0,0,0,0,0,0,0
414.00,0.00,0.00,0.00,0.00,0.00,0.00,0.00,0.00,5329920587.60,8235742716.27,0.00,0.00,0.00,0.00,0,0,0,0,0,0,0,0
416.00,0.00,0.00,0.00,0.00,0.00,0.00,0.00,0.00,5329920587.60,8235742716.27,0.00,0.00,0.00,0.00,0,0,0,0,0,0,0,0
418.00,0.00,0.00,0.00,0.00,0.00,0.00,0.00,0.00,5329920587.60,8235742716.27,0.00,0.00,0.00,0.00,0,0,0,0,0,0,0,0
420.00,0.00,0.00,0.00,0.00,0.00,0.00,0.00,0.00,5329920587.60,8235742716.27,0.00,0.00,0.00,0.00,0,0,0,0,0,0,0,0
422.00,0.00,0.00,0.00,0.00,0.00,0.00,0.00,0.00,5329920587.60,8235742716.27,0.00,0.00,0.00,0.00,0,0,0,0,0,0,0,0
424.00,0.00,0.00,0.00,0.00,0.00,0.00,0.00,0.00,5329920587.60,8235742716.27,0.00,0.00,0.00,0.00,0,0,0,0,0,0,0,0
426.00,0.00,0.00,0.00,0.00,0.00,0.00,0.00,0.00,5329920587.60,8235742716.27,0.00,0.00,0.00,0.00,0,0,0,0,0,0,0,0
428.00,0.00,0.00,0.00,0.00,0.00,0.00,0.00,0.00,5329920587.60,8235742716.27,0.00,0.00,0.00,0.00,0,0,0,0,0,0,0,0
430.00,0.00,0.00,0.00,0.00,0.00,0.00,0.00,0.00,5329920587.60,8235742716.27,0.00,0.00,0.00,0.00,0,0,0,0,0,0,0,0
432.00,0.00,0.00,0.00,0.00,0.00,0.00,0.00,0.00,5329920587.60,8235742716.27,0.00,0.00,0.00,0.00,0,0,0,0,0,0,0,0
434.00,0.00,0.00,0.00,0.00,0.00,0.00,0.00,0.00,5329920587.60,8235742716.27,0.00,0.00,0.00,0.00,0,0,0,0,0,0,0,0
436.00,0.00,0.00,0.00,0.00,0.00,0.00,0.00,0.00,5329920587.60,8235742716.27,0.00,0.00,0.00,0.00,0,0,0,0,0,0,0,0
438.00,0.00,0.00,0.00,0.00,0.00,0.00,0.00,0.00,5329920587.60,8235742716.27,0.00,0.00,0.00,0.00,0,0,0,0,0,0,0,0
440.00,0.00,0.00,0.00,0.00,0.00,0.00,0.00,0.00,5329920587.60,8235742716.27,0.00,0.00,0.00,0.00,0,0,0,0,0,0,0,0
442.00,0.00,0.00,0.00,0.00,0.00,0.00,0.00,0.00,5329920587.60,8235742716.27,0.00,0.00,0.00,0.00,0,0,0,0,0,0,0,0
444.00,0.00,0.00,0.00,0.00,0.00,0.00,0.00,0.00,5329920587.60,8235742716.27,0.00,0.00,0.00,0.00,0,0,0,0,0,0,0,0
446.00,0.00,0.00,0.00,0.00,0.00,0.00,0.00,0.00,5329920587.60,8235742716.27,0.00,0.00,0.00,0.00,0,0,0,0,0,0,0,0
448.00,0.00,0.00,0.00,0.00,0.00,0.00,0.00,0.00,5329920587.60,8235742716.27,0.00,0.00,0.00,0.00,0,0,0,0,0,0,0,0
450.00,0.00,0.00,0.00,0.00,0.00,0.00,0.00,0.00,5329920587.60,8235742716.27,0.00,0.00,0.00,0.00,0,0,0,0,0,0,0,0
452.00,0.00,0.00,0.00,0.00,0.00,0.00,0.00,0.00,5329920587.60,8235742716.27,0.00,0.00,0.00,0.00,0,0,0,0,0,0,0,0
454.00,0.00,0.00,0.00,0.00,0.00,0.00,0.00,0.00,5329920587.60,8235742716.27,0.00,0.00,0.00,0.00,0,0,0,0,0,0,0,0
456.00,0.00,0.00,0.00,0.00,0.00,0.00,0.00,0.00,5329920587.60,8235742716.27,0.00,0.00,0.00,0.00,0,0,0,0,0,0,0,0
458.00,0.00,0.00,0.00,0.00,0.00,0.00,0.00,0.00,5329920587.60,8235742716.27,0.00,0.00,0.00,0.00,0,0,0,0,0,0,0,0
460.00,0.00,0.00,0.00,0.00,0.00,0.00,0.00,0.00,5329920587.60,8235742716.27,0.00,0.00,0.00,0.00,0,0,0,0,0,0,0,0
462.00,0.00,0.00,0.00,0.00,0.00,0.00,0.00,0.00,5329920587.60,8235742716.27,0.00,0.00,0.00,0.00,0,0,0,0,0,0,0,0
464.00,0.00,0.00,0.00,0.00,0.00,0.00,0.00,0.00,5329920587.60,8235742716.27,0.00,0.00,0.00,0.00,0,0,0,0,0,0,0,0
466.00,0.00,0.00,0.00,0.00,0.00,0.00,0.00,0.00,5329920587.60,8235742716.27,0.00,0.00,0.00,0.00,0,0,0,0,0,0,0,0
468.00,0.00,0.00,0.00,0.00,0.00,0.00,0.00,0.00,5329920587.60,8235742716.27,0.00,0.00,0.00,0.00,0,0,0,0,0,0,0,0
470.00,0.00,0.00,0.00,0.00,0.00,0.00,0.00,0.00,5329920587.60,8235742716.27,0.00,0.00,0.00,0.00,0,0,0,0,0,0,0,0
472.00,0.00,0.00,0.00,0.00,0.00,0.00,0.00,0.00,5329920587.60,8235742716.27,0.00,0.00,0.00,0.00,0,0,0,0,0,0,0,0
474.00,0.00,0.00,0.00,0.00,0.00,0.00,0.00,0.00,5329920587.60,8235742716.27,0.00,0.00,0.00,0.00,0,0,0,0,0,0,0,0
476.00,0.00,0.00,0.00,0.00,0.00,0.00,0.00,0.00,5329920587.60,8235742716.27,0.00,0.00,0.00,0.00,0,0,0,0,0,0,0,0
478.00,0.00,0.00,0.00,0.00,0.00,0.00,0.00,0.00,5329920587.60,8235742716.27,0.00,0.00,0.00,0.00,0,0,0,0,0,0,0,0
480.00,0.00,0.00,0.00,0.00,0.00,0.00,0.00,0.00,5329920587.60,8235742716.27,0.00,0.00,0.00,0.00,0,0,0,0,0,0,0,0
482.00,0.00,0.00,0.00,0.00,0.00,0.00,0.00,0.00,5329920587.60,8235742716.27,0.00,0.00,0.00,0.00,0,0,0,0,0,0,0,0
484.00,0.00,0.00,0.00,0.00,0.00,0.00,0.00,0.00,5329920587.60,8235742716.27,0.00,0.00,0.00,0.00,0,0,0,0,0,0,0,0
486.00,0.00,0.00,0.00,0.00,0.00,0.00,0.00,0.00,5329920587.60,8235742716.27,0.00,0.00,0.00,0.00,0,0,0,0,0,0,0,0
488.00,0.00,0.00,0.00,0.00,0.00,0.00,0.00,0.00,5329920587.60,8235742716.27,0.00,0.00,0.00,0.00,0,0,0,0,0,0,0,0
490.00,0.00,0.00,0.00,0.00,0.00,0.00,0.00,0.00,5329920587.60,8235742716.27,0.00,0.00,0.00,0.00,0,0,0,0,0,0,0,0
492.00,0.00,0.00,0.00,0.00,0.00,0.00,0.00,0.00,5329920587.60,8235742716.27,0.00,0.00,0.00,0.00,0,0,0,0,0,0,0,0
494.00,0.00,0.00,0.00,0.00,0.00,0.00,0.00,0.00,5329920587.60,8235742716.27,0.00,0.00,0.00,0.00,0,0,0,0,0,0,0,0
496.00,0.00,0.00,0.00,0.00,0.00,0.00,0.00,0.00,5329920587.60,8235742716.27,0.00,0.00,0.00,0.00,0,0,0,0,0,0,0,0
498.00,0.00,0.00,0.00,0.00,0.00,0.00,0.00,0.00,5329920587.60,8235742716.27,0.00,0.00,0.00,0.00,0,0,0,0,0,0,0,0
500.00,0.00,0.00,0.00,0.00,0.00,0.00,0.00,0.00,5329920587.60,8235742716.27,0.00,0.00,0.00,0.00,0,0,0,0,0,0,0,0
502.00,0.00,0.00,0.00,0.00,0.00,0.00,0.00,0.00,5329920587.60,8235742716.27,0.00,0.00,0.00,0.00,0,0,0,0,0,0,0,0
504.00,0.00,0.00,0.00,0.00,0.00,0.00,0.00,0.00,5329920587.60,8235742716.27,0.00,0.00,0.00,0.00,0,0,0,0,0,0,0,0
506.00,0.00,0.00,0.00,0.00,0.00,0.00,0.00,0.00,5329920587.60,8235742716.27,0.00,0.00,0.00,0.00,0,0,0,0,0,0,0,0
508.00,0.00,0.00,0.00,0.00,0.00,0.00,0.00,0.00,5329920587.60,8235742716.27,0.00,0.00,0.00,0.00,0,0,0,0,0,0,0,0
510.00,0.00,0.00,0.00,0.00,0.00,0.00,0.00,0.00,5329920587.60,8235742716.27,0.00,0.00,0.00,0.00,0,0,0,0,0,0,0,0
512.00,0.00,0.00,0.00,0.00,0.00,0.00,0.00,0.00,5329920587.60,8235742716.27,0.00,0.00,0.00,0.00,0,0,0,0,0,0,0,0
514.00,0.00,0.00,0.00,0.00,0.00,0.00,0.00,0.00,5329920587.60,8235742716.27,0.00,0.00,0.00,0.00,0,0,0,0,0,0,0,0
516.00,0.00,0.00,0.00,0.00,0.00,0.00,0.00,0.00,5329920587.60,8235742716.27,0.00,0.00,0.00,0.00,0,0,0,0,0,0,0,0
518.00,0.00,0.00,0.00,0.00,0.00,0.00,0.00,0.00,5329920587.60,8235742716.27,0.00,0.00,0.00,0.00,0,0,0,0,0,0,0,0
520.00,0.00,0.00,0.00,0.00,0.00,0.00,0.00,0.00,5329920587.60,8235742716.27,0.00,0.00,0.00,0.00,0,0,0,0,0,0,0,0
522.00,0.00,0.00,0.00,0.00,0.00,0.00,0.00,0.00,5329920587.60,8235742716.27,0.00,0.00,0.00,0.00,0,0,0,0,0,0,0,0
524.00,0.00,0.00,0.00,0.00,0.00,0.00,0.00,0.00,5329920587.60,8235742716.27,0.00,0.00,0.00,0.00,0,0,0,0,0,0,0,0
526.00,0.00,0.00,0.00,0.00,0.00,0.00,0.00,0.00,5329920587.60,8235742716.27,0.00,0.00,0.00,0.00,0,0,0,0,0,0,0,0
528.00,0.00,0.00,0.00,0.00,0.00,0.00,0.00,0.00,5329920587.60,8235742716.27,0.00,0.00,0.00,0.00,0,0,0,0,0,0,0,0
530.00,0.00,0.00,0.00,0.00,0.00,0.00,0.00,0.00,5329920587.60,8235742716.27,0.00,0.00,0.00,0.00,0,0,0,0,0,0,0,0
532.00,0.00,0.00,0.00,0.00,0.00,0.00,0.00,0.00,5329920587.60,8235742716.27,0.00,0.00,0.00,0.00,0,0,0,0,0,0,0,0
534.00,0.00,0.00,0.00,0.00,0.00,0.00,0.00,0.00,5329920587.60,8235742716.27,0.00,0.00,0.00,0.00,0,0,0,0,0,0,0,0
536.00,0.00,0.00,0.00,0.00,0.00,0.00,0.00,0.00,5329920587.60,8235742716.27,0.00,0.00,0.00,0.00,0,0,0,0,0,0,0,0
538.00,0.00,0.00,0.00,0.00,0.00,0.00,0.00,0.00,5329920587.60,8235742716.27,0.00,0.00,0.00,0.00,0,0,0,0,0,0,0,0
540.00,0.00,0.00,0.00,0.00,0.00,0.00,0.00,0.00,5329920587.60,8235742716.27,0.00,0.00,0.00,0.00,0,0,0,0,0,0,0,0
542.00,0.00,0.00,0.00,0.00,0.00,0.00,0.00,0.00,5329920587.60,8235742716.27,0.00,0.00,0.00,0.00,0,0,0,0,0,0,0,0
544.00,0.00,0.00,0.00,0.00,0.00,0.00,0.00,0.00,5329920587.60,8235742716.27,0.00,0.00,0.00,0.00,0,0,0,0,0,0,0,0
546.00,0.00,0.00,0.00,0.00,0.00,0.00,0.00,0.00,5329920587.60,8235742716.27,0.00,0.00,0.00,0.00,0,0,0,0,0,0,0,0
548.00,0.00,0.00,0.00,0.00,0.00,0.00,0.00,0.00,5329920587.60,8235742716.27,0.00,0.00,0.00,0.00,0,0,0,0,0,0,0,0
550.00,0.00,0.00,0.00,0.00,0.00,0.00,0.00,0.00,5329920587.60,8235742716.27,0.00,0.00,0.00,0.00,0,0,0,0,0,0,0,0
552.00,0.00,0.00,0.00,0.00,0.00,0.00,0.00,0.00,5329920587.60,8235742716.27,0.00,0.00,0.00,0.00,0,0,0,0,0,0,0,0
554.00,0.00,0.00,0.00,0.00,0.00,0.00,0.00,0.00,5329920587.60,8235742716.27,0.00,0.00,0.00,0.00,0,0,0,0,0,0,0,0
556.00,0.00,0.00,0.00,0.00,0.00,0.00,0.00,0.00,5329920587.60,8235742716.27,0.00,0.00,0.00,0.00,0,0,0,0,0,0,0,0
558.00,0.00,0.00,0.00,0.00,0.00,0.00,0.00,0.00,5329920587.60,8235742716.27,0.00,0.00,0.00,0.00,0,0,0,0,0,0,0,0
560.00,0.00,0.00,0.00,0.00,0.00,0.00,0.00,0.00,5329920587.60,8235742716.27,0.00,0.00,0.00,0.00,0,0,0,0,0,0,0,0
562.00,0.00,0.00,0.00,0.00,0.00,0.00,0.00,0.00,5329920587.60,8235742716.27,0.00,0.00,0.00,0.00,0,0,0,0,0,0,0,0
564.00,0.00,0.00,0.00,0.00,0.00,0.00,0.00,0.00,5329920587.60,8235742716.27,0.00,0.00,0.00,0.00,0,0,0,0,0,0,0,0
566.00,0.00,0.00,0.00,0.00,0.00,0.00,0.00,0.00,5329920587.60,8235742716.27,0.00,0.00,0.00,0.00,0,0,0,0,0,0,0,0
568.00,0.00,0.00,0.00,0.00,0.00,0.00,0.00,0.00,5329920587.60,8235742716.27,0.00,0.00,0.00,0.00,0,0,0,0,0,0,0,0
570.00,0.00,0.00,0.00,0.00,0.00,0.00,0.00,0.00,5329920587.60,8235742716.27,0.00,0.00,0.00,0.00,0,0,0,0,0,0,0,0
572.00,0.00,0.00,0.00,0.00,0.00,0.00,0.00,0.00,5329920587.60,8235742716.27,0.00,0.00,0.00,0.00,0,0,0,0,0,0,0,0
574.00,0.00,0.00,0.00,0.00,0.00,0.00,0.00,0.00,5329920587.60,8235742716.27,0.00,0.00,0.00,0.00,0,0,0,0,0,0,0,0
576.00,0.00,0.00,0.00,0.00,0.00,0.00,0.00,0.00,5329920587.60,8235742716.27,0.00,0.00,0.00,0.00,0,0,0,0,0,0,0,0
578.00,0.00,0.00,0.00,0.00,0.00,0.00,0.00,0.00,5329920587.60,8235742716.27,0.00,0.00,0.00,0.00,0,0,0,0,0,0,0,0
580.00,0.00,0.00,0.00,0.00,0.00,0.00,0.00,0.00,5329920587.60,8235742716.27,0.00,0.00,0.00,0.00,0,0,0,0,0,0,0,0
582.00,0.00,0.00,0.00,0.00,0.00,0.00,0.00,0.00,5329920587.60,8235742716.27,0.00,0.00,0.00,0.00,0,0,0,0,0,0,0,0
584.00,0.00,0.00,0.00,0.00,0.00,0.00,0.00,0.00,5329920587.60,8235742716.27,0.00,0.00,0.00,0.00,0,0,0,0,0,0,0,0
586.00,0.00,0.00,0.00,0.00,0.00,0.00,0.00,0.00,5329920587.60,8235742716.27,0.00,0.00,0.00,0.00,0,0,0,0,0,0,0,0
588.00,0.00,0.00,0.00,0.00,0.00,0.00,0.00,0.00,5329920587.60,8235742716.27,0.00,0.00,0.00,0.00,0,0,0,0,0,0,0,0
590.00,0.00,0.00,0.00,0.00,0.00,0.00,0.00,0.00,5329920587.60,8235742716.27,0.00,0.00,0.00,0.00,0,0,0,0,0,0,0,0
592.00,0.00,0.00,0.00,0.00,0.00,0.00,0.00,0.00,5329920587.60,8235742716.27,0.00,0.00,0.00,0.00,0,0,0,0,0,0,0,0
594.00,0.00,0.00,0.00,0.00,0.00,0.00,0.00,0.00,5329920587.60,8235742716.27,0.00,0.00,0.00,0.00,0,0,0,0,0,0,0,0
596.00,0.00,0.00,0.00,0.00,0.00,0.00,0.00,0.00,5329920587.60,8235742716.27,0.00,0.00,0.00,0.00,0,0,0,0,0,0,0,0
598.00,0.00,0.00,0.00,0.00,0.00,0.00,0.00,0.00,5329920587.60,8235742716.27,0.00,0.00,0.00,0.00,0,0,0,0,0,0,0,0
600.00,0.00,0.00,0.00,0.00,0.00,0.00,0.00,0.00,5329920587.60,8235742716.27,0.00,0.00,0.00,0.00,0,0,0,0,0,0,0,0
602.00,0.00,0.00,0.00,0.00,0.00,0.00,0.00,0.00,5329920587.60,8235742716.27,0.00,0.00,0.00,0.00,0,0,0,0,0,0,0,0
604.00,0.00,0.00,0.00,0.00,0.00,0.00,0.00,0.00,5329920587.60,8235742716.27,0.00,0.00,0.00,0.00,0,0,0,0,0,0,0,0
606.00,0.00,0.00,0.00,0.00,0.00,0.00,0.00,0.00,5329920587.60,8235742716.27,0.00,0.00,0.00,0.00,0,0,0,0,0,0,0,0
608.00,0.00,0.00,0.00,0.00,0.00,0.00,0.00,0.00,5329920587.60,8235742716.27,0.00,0.00,0.00,0.00,0,0,0,0,0,0,0,0
610.00,0.00,0.00,0.00,0.00,0.00,0.00,0.00,0.00,5329920587.60,8235742716.27,0.00,0.00,0.00,0.00,0,0,0,0,0,0,0,0
612.00,0.00,0.00,0.00,0.00,0.00,0.00,0.00,0.00,5329920587.60,8235742716.27,0.00,0.00,0.00,0.00,0,0,0,0,0,0,0,0
614.00,0.00,0.00,0.00,0.00,0.00,0.00,0.00,0.00,5329920587.60,8235742716.27,0.00,0.00,0.00,0.00,0,0,0,0,0,0,0,0
616.00,0.00,0.00,0.00,0.00,0.00,0.00,0.00,0.00,5329920587.60,8235742716.27,0.00,0.00,0.00,0.00,0,0,0,0,0,0,0,0
618.00,0.00,0.00,0.00,0.00,0.00,0.00,0.00,0.00,5329920587.60,8235742716.27,0.00,0.00,0.00,0.00,0,0,0,0,0,0,0,0
620.00,0.00,0.00,0.00,0.00,0.00,0.00,0.00,0.00,5329920587.60,8235742716.27,0.00,0.00,0.00,0.00,0,0,0,0,0,0,0,0
622.00,0.00,0.00,0.00,0.00,0.00,0.00,0.00,0.00,5329920587.60,8235742716.27,0.00,0.00,0.00,0.00,0,0,0,0,0,0,0,0
624.00,0.00,0.00,0.00,0.00,0.00,0.00,0.00,0.00,5329920587.60,8235742716.27,0.00,0.00,0.00,0.00,0,0,0,0,0,0,0,0
626.00,0.00,0.00,0.00,0.00,0.00,0.00,0.00,0.00,5329920587.60,8235742716.27,0.00,0.00,0.00,0.00,0,0,0,0,0,0,0,0
628.00,0.00,0.00,0.00,0.00,0.00,0.00,0.00,0.00,5329920587.60,8235742716.27,0.00,0.00,0.00,0.00,0,0,0,0,0,0,0,0
630.00,0.00,0.00,0.00,0.00,0.00,0.00,0.00,0.00,5329920587.60,8235742716.27,0.00,0.00,0.00,0.00,0,0,0,0,0,0,0,0
632.00,0.00,0.00,0.00,0.00,0.00,0.00,0.00,0.00,5329920587.60,8235742716.27,0.00,0.00,0.00,0.00,0,0,0,0,0,0,0,0
634.00,0.00,0.00,0.00,0.00,0.00,0.00,0.00,0.00,5329920587.60,8235742716.27,0.00,0.00,0.00,0.00,0,0,0,0,0,0,0,0
636.00,0.00,0.00,0.00,0.00,0.00,0.00,0.00,0.00,5329920587.60,8235742716.27,0.00,0.00,0.00,0.00,0,0,0,0,0,0,0,0
638.00,0.00,0.00,0.00,0.00,0.00,0.00,0.00,0.00,5329920587.60,8235742716.27,0.00,0.00,0.00,0.00,0,0,0,0,0,0,0,0
640.00,0.00,0.00,0.00,0.00,0.00,0.00,0.00,0.00,5329920587.60,8235742716.27,0.00,0.00,0.00,0.00,0,0,0,0,0,0,0,0
642.00,0.00,0.00,0.00,0.00,0.00,0.00,0.00,0.00,5329920587.60,8235742716.27,0.00,0.00,0.00,0.00,0,0,0,0,0,0,0,0
644.00,0.00,0.00,0.00,0.00,0.00,0.00,0.00,0.00,5329920587.60,8235742716.27,0.00,0.00,0.00,0.00,0,0,0,0,0,0,0,0
646.00,0.00,0.00,0.00,0.00,0.00,0.00,0.00,0.00,5329920587.60,8235742716.27,0.00,0.00,0.00,0.00,0,0,0,0,0,0,0,0
648.00,0.00,0.00,0.00,0.00,0.00,0.00,0.00,0.00,5329920587.60,8235742716.27,0.00,0.00,0.00,0.00,0,0,0,0,0,0,0,0
650.00,0.00,0.00,0.00,0.00,0.00,0.00,0.00,0.00,5329920587.60,8235742716.27,0.00,0.00,0.00,0.00,0,0,0,0,0,0,0,0
652.00,0.00,0.00,0.00,0.00,0.00,0.00,0.00,0.00,5329920587.60,8235742716.27,0.00,0.00,0.00,0.00,0,0,0,0,0,0,0,0
654.00,0.00,0.00,0.00,0.00,0.00,0.00,0.00,0.00,5329920587.60,8235742716.27,0.00,0.00,0.00,0.00,0,0,0,0,0,0,0,0
656.00,0.00,0.00,0.00,0.00,0.00,0.00,0.00,0.00,5329920587.60,8235742716.27,0.00,0.00,0.00,0.00,0,0,0,0,0,0,0,0
658.00,0.00,0.00,0.00,0.00,0.00,0.00,0.00,0.00,5329920587.60,8235742716.27,0.00,0.00,0.00,0.00,0,0,0,0,0,0,0,0
660.00,0.00,0.00,0.00,0.00,0.00,0.00,0.00,0.00,5329920587.60,8235742716.27,0.00,0.00,0.00,0.00,0,0,0,0,0,0,0,0
662.00,0.00,0.00,0.00,0.00,0.00,0.00,0.00,0.00,5329920587.60,8235742716.27,0.00,0.00,0.00,0.00,0,0,0,0,0,0,0,0
664.00,0.00,0.00,0.00,0.00,0.00,0.00,0.00,0.00,5329920587.60,8235742716.27,0.00,0.00,0.00,0.00,0,0,0,0,0,0,0,0
666.00,0.00,0.00,0.00,0.00,0.00,0.00,0.00,0.00,5329920587.60,8235742716.27,0.00,0.00,0.00,0.00,0,0,0,0,0,0,0,0
668.00,0.00,0.00,0.00,0.00,0.00,0.00,0.00,0.00,5329920587.60,8235742716.27,0.00,0.00,0.00,0.00,0,0,0,0,0,0,0,0
670.00,0.00,0.00,0.00,0.00,0.00,0.00,0.00,0.00,5329920587.60,8235742716.27,0.00,0.00,0.00,0.00,0,0,0,0,0,0,0,0
672.00,0.00,0.00,0.00,0.00,0.00,0.00,0.00,0.00,5329920587.60,8235742716.27,0.00,0.00,0.00,0.00,0,0,0,0,0,0,0,0
674.00,0.00,0.00,0.00,0.00,0.00,0.00,0.00,0.00,5329920587.60,8235742716.27,0.00,0.00,0.00,0.00,0,0,0,0,0,0,0,0
676.00,0.00,0.00,0.00,0.00,0.00,0.00,0.00,0.00,5329920587.60,8235742716.27,0.00,0.00,0.00,0.00,0,0,0,0,0,0,0,0
678.00,0.00,0.00,0.00,0.00,0.00,0.00,0.00,0.00,5329920587.60,8235742716.27,0.00,0.00,0.00,0.00,0,0,0,0,0,0,0,0
680.00,0.00,0.00,0.00,0.00,0.00,0.00,0.00,0.00,5329920587.60,8235742716.27,0.00,0.00,0.00,0.00,0,0,0,0,0,0,0,0
682.00,0.00,0.00,0.00,0.00,0.00,0.00,0.00,0.00,5329920587.60,8235742716.27,0.00,0.00,0.00,0.00,0,0,0,0,0,0,0,0
684.00,0.00,0.00,0.00,0.00,0.00,0.00,0.00,0.00,5329920587.60,8235742716.27,0.00,0.00,0.00,0.00,0,0,0,0,0,0,0,0
686.00,0.00,0.00,0.00,0.00,0.00,0.00,0.00,0.00,5329920587.60,8235742716.27,0.00,0.00,0.00,0.00,0,0,0,0,0,0,0,0
688.00,0.00,0.00,0.00,0.00,0.00,0.00,0.00,0.00,5329920587.60,8235742716.27,0.00,0.00,0.00,0.00,0,0,0,0,0,0,0,0
690.00,0.00,0.00,0.00,0.00,0.00,0.00,0.00,0.00,5329920587.60,8235742716.27,0.00,0.00,0.00,0.00,0,0,0,0,0,0,0,0
692.00,0.00,0.00,0.00,0.00,0.00,0.00,0.00,0.00,5329920587.60,8235742716.27,0.00,0.00,0.00,0.00,0,0,0,0,0,0,0,0
694.00,0.00,0.00,0.00,0.00,0.00,0.00,0.00,0.00,5329920587.60,8235742716.27,0.00,0.00,0.00,0.00,0,0,0,0,0,0,0,0
696.00,0.00,0.00,0.00,0.00,0.00,0.00,0.00,0.00,5329920587.60,8235742716.27,0.00,0.00,0.00,0.00,0,0,0,0,0,0,0,0
698.00,0.00,0.00,0.00,0.00,0.00,0.00,0.00,0.00,5329920587.60,8235742716.27,0.00,0.00,0.00,0.00,0,0,0,0,0,0,0,0
700.00,0.00,0.00,0.00,0.00,0.00,0.00,0.00,0.00,5329920587.60,8235742716.27,0.00,0.00,0.00,0.00,0,0,0,0,0,0,0,0
702.00,0.00,0.00,0.00,0.00,0.00,0.00,0.00,0.00,5329920587.60,8235742716.27,0.00,0.00,0.00,0.00,0,0,0,0,0,0,0,0
704.00,0.00,0.00,0.00,0.00,0.00,0.00,0.00,0.00,5329920587.60,8235742716.27,0.00,0.00,0.00,0.00,0,0,0,0,0,0,0,0
706.00,0.00,0.00,0.00,0.00,0.00,0.00,0.00,0.00,5329920587.60,8235742716.27,0.00,0.00,0.00,0.00,0,0,0,0,0,0,0,0
708.00,0.00,0.00,0.00,0.00,0.00,0.00,0.00,0.00,5329920587.60,8235742716.27,0.00,0.00,0.00,0.00,0,0,0,0,0,0,0,0
710.00,0.00,0.00,0.00,0.00,0.00,0.00,0.00,0.00,5329920587.60,8235742716.27,0.00,0.00,0.00,0.00,0,0,0,0,0,0,0,0
712.00,0.00,0.00,0.00,0.00,0.00,0.00,0.00,0.00,5329920587.60,8235742716.27,0.00,0.00,0.00,0.00,0,0,0,0,0,0,0,0
714.00,0.00,0.00,0.00,0.00,0.00,0.00,0.00,0.00,5329920587.60,8235742716.27,0.00,0.00,0.00,0.00,0,0,0,0,0,0,0,0
716.00,0.00,0.00,0.00,0.00,0.00,0.00,0.00,0.00,5329920587.60,8235742716.27,0.00,0.00,0.00,0.00,0,0,0,0,0,0,0,0
718.00,0.00,0.00,0.00,0.00,0.00,0.00,0.00,0.00,5329920587.60,8235742716.27,0.00,0.00,0.00,0.00,0,0,0,0,0,0,0,0
720.00,0.00,0.00,0.00,0.00,0.00,0.00,0.00,0.00,5329920587.60,8235742716.27,0.00,0.00,0.00,0.00,0,0,0,0,0,0,0,0
722.00,0.00,0.00,0.00,0.00,0.00,0.00,0.00,0.00,5329920587.60,8235742716.27,0.00,0.00,0.00,0.00,0,0,0,0,0,0,0,0
724.00,0.00,0.00,0.00,0.00,0.00,0.00,0.00,0.00,5329920587.60,8235742716.27,0.00,0.00,0.00,0.00,0,0,0,0,0,0,0,0
726.00,0.00,0.00,0.00,0.00,0.00,0.00,0.00,0.00,5329920587.60,8235742716.27,0.00,0.00,0.00,0.00,0,0,0,0,0,0,0,0
728.00,0.00,0.00,0.00,0.00,0.00,0.00,0.00,0.00,5329920587.60,8235742716.27,0.00,0.00,0.00,0.00,0,0,0,0,0,0,0,0
730.00,0.00,0.00,0.00,0.00,0.00,0.00,0.00,0.00,5329920587.60,8235742716.27,0.00,0.00,0.00,0.00,0,0,0,0,0,0,0,0
732.00,0.00,0.00,0.00,0.00,0.00,0.00,0.00,0.00,5329920587.60,8235742716.27,0.00,0.00,0.00,0.00,0,0,0,0,0,0,0,0
734.00,0.00,0.00,0.00,0.00,0.00,0.00,0.00,0.00,5329920587.60,8235742716.27,0.00,0.00,0.00,0.00,0,0,0,0,0,0,0,0
736.00,0.00,0.00,0.00,0.00,0.00,0.00,0.00,0.00,5329920587.60,8235742716.27,0.00,0.00,0.00,0.00,0,0,0,0,0,0,0,0
738.00,0.00,0.00,0.00,0.00,0.00,0.00,0.00,0.00,5329920587.60,8235742716.27,0.00,0.00,0.00,0.00,0,0,0,0,0,0,0,0
740.00,0.00,0.00,0.00,0.00,0.00,0.00,0.00,0.00,5329920587.60,8235742716.27,0.00,0.00,0.00,0.00,0,0,0,0,0,0,0,0
742.00,0.00,0.00,0.00,0.00,0.00,0.00,0.00,0.00,5329920587.60,8235742716.27,0.00,0.00,0.00,0.00,0,0,0,0,0,0,0,0
744.00,0.00,0.00,0.00,0.00,0.00,0.00,0.00,0.00,5329920587.60,8235742716.27,0.00,0.00,0.00,0.00,0,0,0,0,0,0,0,0
746.00,0.00,0.00,0.00,0.00,0.00,0.00,0.00,0.00,5329920587.60,8235742716.27,0.00,0.00,0.00,0.00,0,0,0,0,0,0,0,0
748.00,0.00,0.00,0.00,0.00,0.00,0.00,0.00,0.00,5329920587.60,8235742716.27,0.00,0.00,0.00,0.00,0,0,0,0,0,0,0,0
750.00,0.00,0.00,0.00,0.00,0.00,0.00,0.00,0.00,5329920587.60,8235742716.27,0.00,0.00,0.00,0.00,0,0,0,0,0,0,0,0
752.00,0.00,0.00,0.00,0.00,0.00,0.00,0.00,0.00,5329920587.60,8235742716.27,0.00,0.00,0.00,0.00,0,0,0,0,0,0,0,0
754.00,0.00,0.00,0.00,0.00,0.00,0.00,0.00,0.00,5329920587.60,8235742716.27,0.00,0.00,0.00,0.00,0,0,0,0,0,0,0,0
756.00,0.00,0.00,0.00,0.00,0.00,0.00,0.00,0.00,5329920587.60,8235742716.27,0.00,0.00,0.00,0.00,0,0,0,0,0,0,0,0
758.00,0.00,0.00,0.00,0.00,0.00,0.00,0.00,0.00,5329920587.60,8235742716.27,0.00,0.00,0.00,0.00,0,0,0,0,0,0,0,0
760.00,0.00,0.00,0.00,0.00,0.00,0.00,0.00,0.00,5329920587.60,8235742716.27,0.00,0.00,0.00,0.00,0,0,0,0,0,0,0,0
762.00,0.00,0.00,0.00,0.00,0.00,0.00,0.00,0.00,5329920587.60,8235742716.27,0.00,0.00,0.00,0.00,0,0,0,0,0,0,0,0
764.00,0.00,0.00,0.00,0.00,0.00,0.00,0.00,0.00,5329920587.60,8235742716.27,0.00,0.00,0.00,0.00,0,0,0,0,0,0,0,0
766.00,0.00,0.00,0.00,0.00,0.00,0.00,0.00,0.00,5329920587.60,8235742716.27,0.00,0.00,0.00,0.00,0,0,0,0,0,0,0,0
768.00,0.00,0.00,0.00,0.00,0.00,0.00,0.00,0.00,5329920587.60,8235742716.27,0.00,0.00,0.00,0.00,0,0,0,0,0,0,0,0
770.00,0.00,0.00,0.00,0.00,0.00,0.00,0.00,0.00,5329920587.60,8235742716.27,0.00,0.00,0.00,0.00,0,0,0,0,0,0,0,0
772.00,0.00,0.00,0.00,0.00,0.00,0.00,0.00,0.00,5329920587.60,8235742716.27,0.00,0.00,0.00,0.00,0,0,0,0,0,0,0,0
774.00,0.00,0.00,0.00,0.00,0.00,0.00,0.00,0.00,5329920587.60,8235742716.27,0.00,0.00,0.00,0.00,0,0,0,0,0,0,0,0
776.00,0.00,0.00,0.00,0.00,0.00,0.00,0.00,0.00,5329920587.60,8235742716.27,0.00,0.00,0.00,0.00,0,0,0,0,0,0,0,0
778.00,0.00,0.00,0.00,0.00,0.00,0.00,0.00,0.00,5329920587.60,8235742716.27,0.00,0.00,0.00,0.00,0,0,0,0,0,0,0,0
780.00,0.00,0.00,0.00,0.00,0.00,0.00,0.00,0.00,5329920587.60,8235742716.27,0.00,0.00,0.00,0.00,0,0,0,0,0,0,0,0
782.00,0.00,0.00,0.00,0.00,0.00,0.00,0.00,0.00,5329920587.60,8235742716.27,0.00,0.00,0.00,0.00,0,0,0,0,0,0,0,0
784.00,0.00,0.00,0.00,0.00,0.00,0.00,0.00,0.00,5329920587.60,8235742716.27,0.00,0.00,0.00,0.00,0,0,0,0,0,0,0,0
786.00,0.00,0.00,0.00,0.00,0.00,0.00,0.00,0.00,5329920587.60,8235742716.27,0.00,0.00,0.00,0.00,0,0,0,0,0,0,0,0
788.00,0.00,0.00,0.00,0.00,0.00,0.00,0.00,0.00,5329920587.60,8235742716.27,0.00,0.00,0.00,0.00,0,0,0,0,0,0,0,0
790.00,0.00,0.00,0.00,0.00,0.00,0.00,0.00,0.00,5329920587.60,8235742716.27,0.00,0.00,0.00,0.00,0,0,0,0,0,0,0,0
792.00,0.00,0.00,0.00,0.00,0.00,0.00,0.00,0.00,5329920587.60,8235742716.27,0.00,0.00,0.00,0.00,0,0,0,0,0,0,0,0
794.00,0.00,0.00,0.00,0.00,0.00,0.00,0.00,0.00,5329920587.60,8235742716.27,0.00,0.00,0.00,0.00,0,0,0,0,0,0,0,0
796.00,0.00,0.00,0.00,0.00,0.00,0.00,0.00,0.00,5329920587.60,8235742716.27,0.00,0.00,0.00,0.00,0,0,0,0,0,0,0,0
798.00,0.00,0.00,0.00,0.00,0.00,0.00,0.00,0.00,5329920587.60,8235742716.27,0.00,0.00,0.00,0.00,0,0,0,0,0,0,0,0
800.00,0.00,0.00,0.00,0.00,0.00,0.00,0.00,0.00,5329920587.60,8235742716.27,0.00,0.00,0.00,0.00,0,0,0,0,0,0,0,0
802.00,0.00,0.00,0.00,0.00,0.00,0.00,0.00,0.00,5329920587.60,8235742716.27,0.00,0.00,0.00,0.00,0,0,0,0,0,0,0,0
804.00,0.00,0.00,0.00,0.00,0.00,0.00,0.00,0.00,5329920587.60,8235742716.27,0.00,0.00,0.00,0.00,0,0,0,0,0,0,0,0
806.00,0.00,0.00,0.00,0.00,0.00,0.00,0.00,0.00,5329920587.60,8235742716.27,0.00,0.00,0.00,0.00,0,0,0,0,0,0,0,0
808.00,0.00,0.00,0.00,0.00,0.00,0.00,0.00,0.00,5329920587.60,8235742716.27,0.00,0.00,0.00,0.00,0,0,0,0,0,0,0,0
810.00,0.00,0.00,0.00,0.00,0.00,0.00,0.00,0.00,5329920587.60,8235742716.27,0.00,0.00,0.00,0.00,0,0,0,0,0,0,0,0
812.00,0.00,0.00,0.00,0.00,0.00,0.00,0.00,0.00,5329920587.60,8235742716.27,0.00,0.00,0.00,0.00,0,0,0,0,0,0,0,0
814.00,0.00,0.00,0.00,0.00,0.00,0.00,0.00,0.00,5329920587.60,8235742716.27,0.00,0.00,0.00,0.00,0,0,0,0,0,0,0,0
816.00,0.00,0.00,0.00,0.00,0.00,0.00,0.00,0.00,5329920587.60,8235742716.27,0.00,0.00,0.00,0.00,0,0,0,0,0,0,0,0
818.00,0.00,0.00,0.00,0.00,0.00,0.00,0.00,0.00,5329920587.60,8235742716.27,0.00,0.00,0.00,0.00,0,0,0,0,0,0,0,0
820.00,0.00,0.00,0.00,0.00,0.00,0.00,0.00,0.00,5329920587.60,8235742716.27,0.00,0.00,0.00,0.00,0,0,0,0,0,0,0,0
822.00,0.00,0.00,0.00,0.00,0.00,0.00,0.00,0.00,5329920587.60,8235742716.27,0.00,0.00,0.00,0.00,0,0,0,0,0,0,0,0
824.00,0.00,0.00,0.00,0.00,0.00,0.00,0.00,0.00,5329920587.60,8235742716.27,0.00,0.00,0.00,0.00,0,0,0,0,0,0,0,0
826.00,0.00,0.00,0.00,0.00,0.00,0.00,0.00,0.00,5329920587.60,8235742716.27,0.00,0.00,0.00,0.00,0,0,0,0,0,0,0,0
828.00,0.00,0.00,0.00,0.00,0.00,0.00,0.00,0.00,5329920587.60,8235742716.27,0.00,0.00,0.00,0.00,0,0,0,0,0,0,0,0
830.00,0.00,0.00,0.00,0.00,0.00,0.00,0.00,0.00,5329920587.60,8235742716.27,0.00,0.00,0.00,0.00,0,0,0,0,0,0,0,0
832.00,0.00,0.00,0.00,0.00,0.00,0.00,0.00,0.00,5329920587.60,8235742716.27,0.00,0.00,0.00,0.00,0,0,0,0,0,0,0,0
834.00,0.00,0.00,0.00,0.00,0.00,0.00,0.00,0.00,5329920587.60,8235742716.27,0.00,0.00,0.00,0.00,0,0,0,0,0,0,0,0
836.00,0.00,0.00,0.00,0.00,0.00,0.00,0.00,0.00,5329920587.60,8235742716.27,0.00,0.00,0.00,0.00,0,0,0,0,0,0,0,0
838.00,0.00,0.00,0.00,0.00,0.00,0.00,0.00,0.00,5329920587.60,8235742716.27,0.00,0.00,0.00,0.00,0,0,0,0,0,0,0,0
840.00,0.00,0.00,0.00,0.00,0.00,0.00,0.00,0.00,5329920587.60,8235742716.27,0.00,0.00,0.00,0.00,0,0,0,0,0,0,0,0
842.00,0.00,0.00,0.00,0.00,0.00,0.00,0.00,0.00,5329920587.60,8235742716.27,0.00,0.00,0.00,0.00,0,0,0,0,0,0,0,0
844.00,0.00,0.00,0.00,0.00,0.00,0.00,0.00,0.00,5329920587.60,8235742716.27,0.00,0.00,0.00,0.00,0,0,0,0,0,0,0,0
846.00,0.00,0.00,0.00,0.00,0.00,0.00,0.00,0.00,5329920587.60,8235742716.27,0.00,0.00,0.00,0.00,0,0,0,0,0,0,0,0
848.00,0.00,0.00,0.00,0.00,0.00,0.00,0.00,0.00,5329920587.60,8235742716.27,0.00,0.00,0.00,0.00,0,0,0,0,0,0,0,0
850.00,0.00,0.00,0.00,0.00,0.00,0.00,0.00,0.00,5329920587.60,8235742716.27,0.00,0.00,0.00,0.00,0,0,0,0,0,0,0,0
852.00,0.00,0.00,0.00,0.00,0.00,0.00,0.00,0.00,5329920587.60,8235742716.27,0.00,0.00,0.00,0.00,0,0,0,0,0,0,0,0
854.00,0.00,0.00,0.00,0.00,0.00,0.00,0.00,0.00,5329920587.60,8235742716.27,0.00,0.00,0.00,0.00,0,0,0,0,0,0,0,0
856.00,0.00,0.00,0.00,0.00,0.00,0.00,0.00,0.00,5329920587.60,8235742716.27,0.00,0.00,0.00,0.00,0,0,0,0,0,0,0,0
858.00,0.00,0.00,0.00,0.00,0.00,0.00,0.00,0.00,5329920587.60,8235742716.27,0.00,0.00,0.00,0.00,0,0,0,0,0,0,0,0
860.00,0.00,0.00,0.00,0.00,0.00,0.00,0.00,0.00,5329920587.60,8235742716.27,0.00,0.00,0.00,0.00,0,0,0,0,0,0,0,0
862.00,0.00,0.00,0.00,0.00,0.00,0.00,0.00,0.00,5329920587.60,8235742716.27,0.00,0.00,0.00,0.00,0,0,0,0,0,0,0,0
864.00,0.00,0.00,0.00,0.00,0.00,0.00,0.00,0.00,5329920587.60,8235742716.27,0.00,0.00,0.00,0.00,0,0,0,0,0,0,0,0
866.00,0.00,0.00,0.00,0.00,0.00,0.00,0.00,0.00,5329920587.60,8235742716.27,0.00,0.00,0.00,0.00,0,0,0,0,0,0,0,0
868.00,0.00,0.00,0.00,0.00,0.00,0.00,0.00,0.00,5329920587.60,8235742716.27,0.00,0.00,0.00,0.00,0,0,0,0,0,0,0,0
870.00,0.00,0.00,0.00,0.00,0.00,0.00,0.00,0.00,5329920587.60,8235742716.27,0.00,0.00,0.00,0.00,0,0,0,0,0,0,0,0
872.00,0.00,0.00,0.00,0.00,0.00,0.00,0.00,0.00,5329920587.60,8235742716.27,0.00,0.00,0.00,0.00,0,0,0,0,0,0,0,0
874.00,0.00,0.00,0.00,0.00,0.00,0.00,0.00,0.00,5329920587.60,8235742716.27,0.00,0.00,0.00,0.00,0,0,0,0,0,0,0,0
876.00,0.00,0.00,0.00,0.00,0.00,0.00,0.00,0.00,5329920587.60,8235742716.27,0.00,0.00,0.00,0.00,0,0,0,0,0,0,0,0
878.00,0.00,0.00,0.00,0.00,0.00,0.00,0.00,0.00,5329920587.60,8235742716.27,0.00,0.00,0.00,0.00,0,0,0,0,0,0,0,0
880.00,0.00,0.00,0.00,0.00,0.00,0.00,0.00,0.00,5329920587.60,8235742716.27,0.00,0.00,0.00,0.00,0,0,0,0,0,0,0,0
882.00,0.00,0.00,0.00,0.00,0.00,0.00,0.00,0.00,5329920587.60,8235742716.27,0.00,0.00,0.00,0.00,0,0,0,0,0,0,0,0
884.00,0.00,0.00,0.00,0.00,0.00,0.00,0.00,0.00,5329920587.60,8235742716.27,0.00,0.00,0.00,0.00,0,0,0,0,0,0,0,0
886.00,0.00,0.00,0.00,0.00,0.00,0.00,0.00,0.00,5329920587.60,8235742716.27,0.00,0.00,0.00,0.00,0,0,0,0,0,0,0,0
888.00,0.00,0.00,0.00,0.00,0.00,0.00,0.00,0.00,5329920587.60,8235742716.27,0.00,0.00,0.00,0.00,0,0,0,0,0,0,0,0
890.00,0.00,0.00,0.00,0.00,0.00,0.00,0.00,0.00,5329920587.60,8235742716.27,0.00,0.00,0.00,0.00,0,0,0,0,0,0,0,0
892.00,0.00,0.00,0.00,0.00,0.00,0.00,0.00,0.00,5329920587.60,8235742716.27,0.00,0.00,0.00,0.00,0,0,0,0,0,0,0,0
894.00,0.00,0.00,0.00,0.00,0.00,0.00,0.00,0.00,5329920587.60,8235742716.27,0.00,0.00,0.00,0.00,0,0,0,0,0,0,0,0
896.00,0.00,0.00,0.00,0.00,0.00,0.00,0.00,0.00,5329920587.60,8235742716.27,0.00,0.00,0.00,0.00,0,0,0,0,0,0,0,0
898.00,0.00,0.00,0.00,0.00,0.00,0.00,0.00,0.00,5329920587.60,8235742716.27,0.00,0.00,0.00,0.00,0,0,0,0,0,0,0,0
900.00,0.00,0.00,0.00,0.00,0.00,0.00,0.00,0.00,5329920587.60,8235742716.27,0.00,0.00,0.00,0.00,0,0,0,0,0,0,0,0
902.00,0.00,0.00,0.00,0.00,0.00,0.00,0.00,0.00,5329920587.60,8235742716.27,0.00,0.00,0.00,0.00,0,0,0,0,0,0,0,0
904.00,0.00,0.00,0.00,0.00,0.00,0.00,0.00,0.00,5329920587.60,8235742716.27,0.00,0.00,0.00,0.00,0,0,0,0,0,0,0,0
906.00,0.00,0.00,0.00,0.00,0.00,0.00,0.00,0.00,5329920587.60,8235742716.27,0.00,0.00,0.00,0.00,0,0,0,0,0,0,0,0
908.00,0.00,0.00,0.00,0.00,0.00,0.00,0.00,0.00,5329920587.60,8235742716.27,0.00,0.00,0.00,0.00,0,0,0,0,0,0,0,0
910.00,0.00,0.00,0.00,0.00,0.00,0.00,0.00,0.00,5329920587.60,8235742716.27,0.00,0.00,0.00,0.00,0,0,0,0,0,0,0,0
912.00,0.00,0.00,0.00,0.00,0.00,0.00,0.00,0.00,5329920587.60,8235742716.27,0.00,0.00,0.00,0.00,0,0,0,0,0,0,0,0
914.00,0.00,0.00,0.00,0.00,0.00,0.00,0.00,0.00,5329920587.60,8235742716.27,0.00,0.00,0.00,0.00,0,0,0,0,0,0,0,0
916.00,0.00,0.00,0.00,0.00,0.00,0.00,0.00,0.00,5329920587.60,8235742716.27,0.00,0.00,0.00,0.00,0,0,0,0,0,0,0,0
918.00,0.00,0.00,0.00,0.00,0.00,0.00,0.00,0.00,5329920587.60,8235742716.27,0.00,0.00,0.00,0.00,0,0,0,0,0,0,0,0
920.00,0.00,0.00,0.00,0.00,0.00,0.00,0.00,0.00,5329920587.60,8235742716.27,0.00,0.00,0.00,0.00,0,0,0,0,0,0,0,0
922.00,0.00,0.00,0.00,0.00,0.00,0.00,0.00,0.00,5329920587.60,8235742716.27,0.00,0.00,0.00,0.00,0,0,0,0,0,0,0,0
924.00,0.00,0.00,0.00,0.00,0.00,0.00,0.00,0.00,5329920587.60,8235742716.27,0.00,0.00,0.00,0.00,0,0,0,0,0,0,0,0
926.00,0.00,0.00,0.00,0.00,0.00,0.00,0.00,0.00,5329920587.60,8235742716.27,0.00,0.00,0.00,0.00,0,0,0,0,0,0,0,0
928.00,0.00,0.00,0.00,0.00,0.00,0.00,0.00,0.00,5329920587.60,8235742716.27,0.00,0.00,0.00,0.00,0,0,0,0,0,0,0,0
930.00,0.00,0.00,0.00,0.00,0.00,0.00,0.00,0.00,5329920587.60,8235742716.27,0.00,0.00,0.00,0.00,0,0,0,0,0,0,0,0
932.00,0.00,0.00,0.00,0.00,0.00,0.00,0.00,0.00,5329920587.60,8235742716.27,0.00,0.00,0.00,0.00,0,0,0,0,0,0,0,0
934.00,0.00,0.00,0.00,0.00,0.00,0.00,0.00,0.00,5329920587.60,8235742716.27,0.00,0.00,0.00,0.00,0,0,0,0,0,0,0,0
936.00,0.00,0.00,0.00,0.00,0.00,0.00,0.00,0.00,5329920587.60,8235742716.27,0.00,0.00,0.00,0.00,0,0,0,0,0,0,0,0
938.00,0.00,0.00,0.00,0.00,0.00,0.00,0.00,0.00,5329920587.60,8235742716.27,0.00,0.00,0.00,0.00,0,0,0,0,0,0,0,0
940.00,0.00,0.00,0.00,0.00,0.00,0.00,0.00,0.00,5329920587.60,8235742716.27,0.00,0.00,0.00,0.00,0,0,0,0,0,0,0,0
942.00,0.00,0.00,0.00,0.00,0.00,0.00,0.00,0.00,5329920587.60,8235742716.27,0.00,0.00,0.00,0.00,0,0,0,0,0,0,0,0
944.00,0.00,0.00,0.00,0.00,0.00,0.00,0.00,0.00,5329920587.60,8235742716.27,0.00,0.00,0.00,0.00,0,0,0,0,0,0,0,0
946.00,0.00,0.00,0.00,0.00,0.00,0.00,0.00,0.00,5329920587.60,8235742716.27,0.00,0.00,0.00,0.00,0,0,0,0,0,0,0,0
948.00,0.00,0.00,0.00,0.00,0.00,0.00,0.00,0.00,5329920587.60,8235742716.27,0.00,0.00,0.00,0.00,0,0,0,0,0,0,0,0
950.00,0.00,0.00,0.00,0.00,0.00,0.00,0.00,0.00,5329920587.60,8235742716.27,0.00,0.00,0.00,0.00,0,0,0,0,0,0,0,0
952.00,0.00,0.00,0.00,0.00,0.00,0.00,0.00,0.00,5329920587.60,8235742716.27,0.00,0.00,0.00,0.00,0,0,0,0,0,0,0,0
954.00,0.00,0.00,0.00,0.00,0.00,0.00,0.00,0.00,5329920587.60,8235742716.27,0.00,0.00,0.00,0.00,0,0,0,0,0,0,0,0
956.00,0.00,0.00,0.00,0.00,0.00,0.00,0.00,0.00,5329920587.60,8235742716.27,0.00,0.00,0.00,0.00,0,0,0,0,0,0,0,0
958.00,0.00,0.00,0.00,0.00,0.00,0.00,0.00,0.00,5329920587.60,8235742716.27,0.00,0.00,0.00,0.00,0,0,0,0,0,0,0,0
960.00,0.00,0.00,0.00,0.00,0.00,0.00,0.00,0.00,5329920587.60,8235742716.27,0.00,0.00,0.00,0.00,0,0,0,0,0,0,0,0
962.00,0.00,0.00,0.00,0.00,0.00,0.00,0.00,0.00,5329920587.60,8235742716.27,0.00,0.00,0.00,0.00,0,0,0,0,0,0,0,0
964.00,0.00,0.00,0.00,0.00,0.00,0.00,0.00,0.00,5329920587.60,8235742716.27,0.00,0.00,0.00,0.00,0,0,0,0,0,0,0,0
966.00,0.00,0.00,0.00,0.00,0.00,0.00,0.00,0.00,5329920587.60,8235742716.27,0.00,0.00,0.00,0.00,0,0,0,0,0,0,0,0
968.00,0.00,0.00,0.00,0.00,0.00,0.00,0.00,0.00,5329920587.60,8235742716.27,0.00,0.00,0.00,0.00,0,0,0,0,0,0,0,0
970.00,0.00,0.00,0.00,0.00,0.00,0.00,0.00,0.00,5329920587.60,8235742716.27,0.00,0.00,0.00,0.00,0,0,0,0,0,0,0,0
972.00,0.00,0.00,0.00,0.00,0.00,0.00,0.00,0.00,5329920587.60,8235742716.27,0.00,0.00,0.00,0.00,0,0,0,0,0,0,0,0
974.00,0.00,0.00,0.00,0.00,0.00,0.00,0.00,0.00,5329920587.60,8235742716.27,0.00,0.00,0.00,0.00,0,0,0,0,0,0,0,0
976.00,0.00,0.00,0.00,0.00,0.00,0.00,0.00,0.00,5329920587.60,8235742716.27,0.00,0.00,0.00,0.00,0,0,0,0,0,0,0,0
978.00,0.00,0.00,0.00,0.00,0.00,0.00,0.00,0.00,5329920587.60,8235742716.27,0.00,0.00,0.00,0.00,0,0,0,0,0,0,0,0
980.00,0.00,0.00,0.00,0.00,0.00,0.00,0.00,0.00,5329920587.60,8235742716.27,0.00,0.00,0.00,0.00,0,0,0,0,0,0,0,0
982.00,0.00,0.00,0.00,0.00,0.00,0.00,0.00,0.00,5329920587.60,8235742716.27,0.00,0.00,0.00,0.00,0,0,0,0,0,0,0,0
984.00,0.00,0.00,0.00,0.00,0.00,0.00,0.00,0.00,5329920587.60,8235742716.27,0.00,0.00,0.00,0.00,0,0,0,0,0,0,0,0
986.00,0.00,0.00,0.00,0.00,0.00,0.00,0.00,0.00,5329920587.60,8235742716.27,0.00,0.00,0.00,0.00,0,0,0,0,0,0,0,0
988.00,0.00,0.00,0.00,0.00,0.00,0.00,0.00,0.00,5329920587.60,8235742716.27,0.00,0.00,0.00,0.00,0,0,0,0,0,0,0,0
990.00,0.00,0.00,0.00,0.00,0.00,0.00,0.00,0.00,5329920587.60,8235742716.27,0.00,0.00,0.00,0.00,0,0,0,0,0,0,0,0
992.00,0.00,0.00,0.00,0.00,0.00,0.00,0.00,0.00,5329920587.60,8235742716.27,0.00,0.00,0.00,0.00,0,0,0,0,0,0,0,0
994.00,0.00,0.00,0.00,0.00,0.00,0.00,0.00,0.00,5329920587.60,8235742716.27,0.00,0.00,0.00,0.00,0,0,0,0,0,0,0,0
996.00,0.00,0.00,0.00,0.00,0.00,0.00,0.00,0.00,5329920587.60,8235742716.27,0.00,0.00,0.00,0.00,0,0,0,0,0,0,0,0
998.00,0.00,0.00,0.00,0.00,0.00,0.00,0.00,0.00,5329920587.60,8235742716.27,0.00,0.00,0.00,0.00,0,0,0,0,0,0,0,0
1000.00,0.00,0.00,0.00,0.00,0.00,0.00,0.00,0.00,5329920587.60,8235742716.27,0.00,0.00,0.00,0.00,0,0,0,0,0,0,0,0
1002.00,0.00,0.00,0.00,0.00,0.00,0.00,0.00,0.00,5329920587.60,8235742716.27,0.00,0.00,0.00,0.00,0,0,0,0,0,0,0,0
1004.00,0.00,0.00,0.00,0.00,0.00,0.00,0.00,0.00,5329920587.60,8235742716.27,0.00,0.00,0.00,0.00,0,0,0,0,0,0,0,0
1006.00,0.00,0.00,0.00,0.00,0.00,0.00,0.00,0.00,5329920587.60,8235742716.27,0.00,0.00,0.00,0.00,0,0,0,0,0,0,0,0
1008.00,0.00,0.00,0.00,0.00,0.00,0.00,0.00,0.00,5329920587.60,8235742716.27,0.00,0.00,0.00,0.00,0,0,0,0,0,0,0,0
1010.00,0.00,0.00,0.00,0.00,0.00,0.00,0.00,0.00,5329920587.60,8235742716.27,0.00,0.00,0.00,0.00,0,0,0,0,0,0,0,0
1012.00,0.00,0.00,0.00,0.00,0.00,0.00,0.00,0.00,5329920587.60,8235742716.27,0.00,0.00,0.00,0.00,0,0,0,0,0,0,0,0
1014.00,0.00,0.00,0.00,0.00,0.00,0.00,0.00,0.00,5329920587.60,8235742716.27,0.00,0.00,0.00,0.00,0,0,0,0,0,0,0,0
1016.00,0.00,0.00,0.00,0.00,0.00,0.00,0.00,0.00,5329920587.60,8235742716.27,0.00,0.00,0.00,0.00,0,0,0,0,0,0,0,0
1018.00,0.00,0.00,0.00,0.00,0.00,0.00,0.00,0.00,5329920587.60,8235742716.27,0.00,0.00,0.00,0.00,0,0,0,0,0,0,0,0
1020.00,0.00,0.00,0.00,0.00,0.00,0.00,0.00,0.00,5329920587.60,8235742716.27,0.00,0.00,0.00,0.00,0,0,0,0,0,0,0,0
1022.00,0.00,0.00,0.00,0.00,0.00,0.00,0.00,0.00,5329920587.60,8235742716.27,0.00,0.00,0.00,0.00,0,0,0,0,0,0,0,0
1024.00,0.00,0.00,0.00,0.00,0.00,0.00,0.00,0.00,5329920587.60,8235742716.27,0.00,0.00,0.00,0.00,0,0,0,0,0,0,0,0
1026.00,0.00,0.00,0.00,0.00,0.00,0.00,0.00,0.00,5329920587.60,8235742716.27,0.00,0.00,0.00,0.00,0,0,0,0,0,0,0,0
1028.00,0.00,0.00,0.00,0.00,0.00,0.00,0.00,0.00,5329920587.60,8235742716.27,0.00,0.00,0.00,0.00,0,0,0,0,0,0,0,0
1030.00,0.00,0.00,0.00,0.00,0.00,0.00,0.00,0.00,5329920587.60,8235742716.27,0.00,0.00,0.00,0.00,0,0,0,0,0,0,0,0
1032.00,0.00,0.00,0.00,0.00,0.00,0.00,0.00,0.00,5329920587.60,8235742716.27,0.00,0.00,0.00,0.00,0,0,0,0,0,0,0,0
1034.00,0.00,0.00,0.00,0.00,0.00,0.00,0.00,0.00,5329920587.60,8235742716.27,0.00,0.00,0.00,0.00,0,0,0,0,0,0,0,0
1036.00,0.00,0.00,0.00,0.00,0.00,0.00,0.00,0.00,5329920587.60,8235742716.27,0.00,0.00,0.00,0.00,0,0,0,0,0,0,0,0
1038.00,0.00,0.00,0.00,0.00,0.00,0.00,0.00,0.00,5329920587.60,8235742716.27,0.00,0.00,0.00,0.00,0,0,0,0,0,0,0,0
1040.00,0.00,0.00,0.00,0.00,0.00,0.00,0.00,0.00,5329920587.60,8235742716.27,0.00,0.00,0.00,0.00,0,0,0,0,0,0,0,0
1042.00,0.00,0.00,0.00,0.00,0.00,0.00,0.00,0.00,5329920587.60,8235742716.27,0.00,0.00,0.00,0.00,0,0,0,0,0,0,0,0
1044.00,0.00,0.00,0.00,0.00,0.00,0.00,0.00,0.00,5329920587.60,8235742716.27,0.00,0.00,0.00,0.00,0,0,0,0,0,0,0,0
1046.00,0.00,0.00,0.00,0.00,0.00,0.00,0.00,0.00,5329920587.60,8235742716.27,0.00,0.00,0.00,0.00,0,0,0,0,0,0,0,0
1048.00,0.00,0.00,0.00,0.00,0.00,0.00,0.00,0.00,5329920587.60,8235742716.27,0.00,0.00,0.00,0.00,0,0,0,0,0,0,0,0
1050.00,0.00,0.00,0.00,0.00,0.00,0.00,0.00,0.00,5329920587.60,8235742716.27,0.00,0.00,0.00,0.00,0,0,0,0,0,0,0,0
1052.00,0.00,0.00,0.00,0.00,0.00,0.00,0.00,0.00,5329920587.60,8235742716.27,0.00,0.00,0.00,0.00,0,0,0,0,0,0,0,0
1054.00,0.00,0.00,0.00,0.00,0.00,0.00,0.00,0.00,5329920587.60,8235742716.27,0.00,0.00,0.00,0.00,0,0,0,0,0,0,0,0
1056.00,0.00,0.00,0.00,0.00,0.00,0.00,0.00,0.00,5329920587.60,8235742716.27,0.00,0.00,0.00,0.00,0,0,0,0,0,0,0,0
1058.00,0.00,0.00,0.00,0.00,0.00,0.00,0.00,0.00,5329920587.60,8235742716.27,0.00,0.00,0.00,0.00,0,0,0,0,0,0,0,0
1060.00,0.00,0.00,0.00,0.00,0.00,0.00,0.00,0.00,5329920587.60,8235742716.27,0.00,0.00,0.00,0.00,0,0,0,0,0,0,0,0
1062.00,0.00,0.00,0.00,0.00,0.00,0.00,0.00,0.00,5329920587.60,8235742716.27,0.00,0.00,0.00,0.00,0,0,0,0,0,0,0,0
1064.00,0.00,0.00,0.00,0.00,0.00,0.00,0.00,0.00,5329920587.60,8235742716.27,0.00,0.00,0.00,0.00,0,0,0,0,0,0,0,0
1066.00,0.00,0.00,0.00,0.00,0.00,0.00,0.00,0.00,5329920587.60,8235742716.27,0.00,0.00,0.00,0.00,0,0,0,0,0,0,0,0
1068.00,0.00,0.00,0.00,0.00,0.00,0.00,0.00,0.00,5329920587.60,8235742716.27,0.00,0.00,0.00,0.00,0,0,0,0,0,0,0,0
1070.00,0.00,0.00,0.00,0.00,0.00,0.00,0.00,0.00,5329920587.60,8235742716.27,0.00,0.00,0.00,0.00,0,0,0,0,0,0,0,0
1072.00,0.00,0.00,0.00,0.00,0.00,0.00,0.00,0.00,5329920587.60,8235742716.27,0.00,0.00,0.00,0.00,0,0,0,0,0,0,0,0
1074.00,0.00,0.00,0.00,0.00,0.00,0.00,0.00,0.00,5329920587.60,8235742716.27,0.00,0.00,0.00,0.00,0,0,0,0,0,0,0,0
1076.00,0.00,0.00,0.00,0.00,0.00,0.00,0.00,0.00,5329920587.60,8235742716.27,0.00,0.00,0.00,0.00,0,0,0,0,0,0,0,0
1078.00,0.00,0.00,0.00,0.00,0.00,0.00,0.00,0.00,5329920587.60,8235742716.27,0.00,0.00,0.00,0.00,0,0,0,0,0,0,0,0
1080.00,0.00,0.00,0.00,0.00,0.00,0.00,0.00,0.00,5329920587.60,8235742716.27,0.00,0.00,0.00,0.00,0,0,0,0,0,0,0,0
1082.00,0.00,0.00,0.00,0.00,0.00,0.00,0.00,0.00,5329920587.60,8235742716.27,0.00,0.00,0.00,0.00,0,0,0,0,0,0,0,0
1084.00,0.00,0.00,0.00,0.00,0.00,0.00,0.00,0.00,5329920587.60,8235742716.27,0.00,0.00,0.00,0.00,0,0,0,0,0,0,0,0
1086.00,0.00,0.00,0.00,0.00,0.00,0.00,0.00,0.00,5329920587.60,8235742716.27,0.00,0.00,0.00,0.00,0,0,0,0,0,0,0,0
1088.00,0.00,0.00,0.00,0.00,0.00,0.00,0.00,0.00,5329920587.60,8235742716.27,0.00,0.00,0.00,0.00,0,0,0,0,0,0,0,0
1090.00,0.00,0.00,0.00,0.00,0.00,0.00,0.00,0.00,5329920587.60,8235742716.27,0.00,0.00,0.00,0.00,0,0,0,0,0,0,0,0
1092.00,0.00,0.00,0.00,0.00,0.00,0.00,0.00,0.00,5329920587.60,8235742716.27,0.00,0.00,0.00,0.00,0,0,0,0,0,0,0,0
1094.00,0.00,0.00,0.00,0.00,0.00,0.00,0.00,0.00,5329920587.60,8235742716.27,0.00,0.00,0.00,0.00,0,0,0,0,0,0,0,0
1096.00,0.00,0.00,0.00,0.00,0.00,0.00,0.00,0.00,5329920587.60,8235742716.27,0.00,0.00,0.00,0.00,0,0,0,0,0,0,0,0
1098.00,0.00,0.00,0.00,0.00,0.00,0.00,0.00,0.00,5329920587.60,8235742716.27,0.00,0.00,0.00,0.00,0,0,0,0,0,0,0,0
1100.00,0.00,0.00,0.00,0.00,0.00,0.00,0.00,0.00,5329920587.60,8235742716.27,0.00,0.00,0.00,0.00,0,0,0,0,0,0,0,0
1102.00,0.00,0.00,0.00,0.00,0.00,0.00,0.00,0.00,5329920587.60,8235742716.27,0.00,0.00,0.00,0.00,0,0,0,0,0,0,0,0
1104.00,0.00,0.00,0.00,0.00,0.00,0.00,0.00,0.00,5329920587.60,8235742716.27,0.00,0.00,0.00,0.00,0,0,0,0,0,0,0,0
1106.00,0.00,0.00,0.00,0.00,0.00,0.00,0.00,0.00,5329920587.60,8235742716.27,0.00,0.00,0.00,0.00,0,0,0,0,0,0,0,0
1108.00,0.00,0.00,0.00,0.00,0.00,0.00,0.00,0.00,5329920587.60,8235742716.27,0.00,0.00,0.00,0.00,0,0,0,0,0,0,0,0
1110.00,0.00,0.00,0.00,0.00,0.00,0.00,0.00,0.00,5329920587.60,8235742716.27,0.00,0.00,0.00,0.00,0,0,0,0,0,0,0,0
1112.00,0.00,0.00,0.00,0.00,0.00,0.00,0.00,0.00,5329920587.60,8235742716.27,0.00,0.00,0.00,0.00,0,0,0,0,0,0,0,0
1114.00,0.00,0.00,0.00,0.00,0.00,0.00,0.00,0.00,5329920587.60,8235742716.27,0.00,0.00,0.00,0.00,0,0,0,0,0,0,0,0
1116.00,0.00,0.00,0.00,0.00,0.00,0.00,0.00,0.00,5329920587.60,8235742716.27,0.00,0.00,0.00,0.00,0,0,0,0,0,0,0,0
1118.00,0.00,0.00,0.00,0.00,0.00,0.00,0.00,0.00,5329920587.60,8235742716.27,0.00,0.00,0.00,0.00,0,0,0,0,0,0,0,0
1120.00,0.00,0.00,0.00,0.00,0.00,0.00,0.00,0.00,5329920587.60,8235742716.27,0.00,0.00,0.00,0.00,0,0,0,0,0,0,0,0
1122.00,0.00,0.00,0.00,0.00,0.00,0.00,0.00,0.00,5329920587.60,8235742716.27,0.00,0.00,0.00,0.00,0,0,0,0,0,0,0,0
1124.00,0.00,0.00,0.00,0.00,0.00,0.00,0.00,0.00,5329920587.60,8235742716.27,0.00,0.00,0.00,0.00,0,0,0,0,0,0,0,0
1126.00,0.00,0.00,0.00,0.00,0.00,0.00,0.00,0.00,5329920587.60,8235742716.27,0.00,0.00,0.00,0.00,0,0,0,0,0,0,0,0
1128.00,0.00,0.00,0.00,0.00,0.00,0.00,0.00,0.00,5329920587.60,8235742716.27,0.00,0.00,0.00,0.00,0,0,0,0,0,0,0,0
1130.00,0.00,0.00,0.00,0.00,0.00,0.00,0.00,0.00,5329920587.60,8235742716.27,0.00,0.00,0.00,0.00,0,0,0,0,0,0,0,0
1132.00,0.00,0.00,0.00,0.00,0.00,0.00,0.00,0.00,5329920587.60,8235742716.27,0.00,0.00,0.00,0.00,0,0,0,0,0,0,0,0
1134.00,0.00,0.00,0.00,0.00,0.00,0.00,0.00,0.00,5329920587.60,8235742716.27,0.00,0.00,0.00,0.00,0,0,0,0,0,0,0,0
1136.00,0.00,0.00,0.00,0.00,0.00,0.00,0.00,0.00,5329920587.60,8235742716.27,0.00,0.00,0.00,0.00,0,0,0,0,0,0,0,0
1138.00,0.00,0.00,0.00,0.00,0.00,0.00,0.00,0.00,5329920587.60,8235742716.27,0.00,0.00,0.00,0.00,0,0,0,0,0,0,0,0
1140.00,0.00,0.00,0.00,0.00,0.00,0.00,0.00,0.00,5329920587.60,8235742716.27,0.00,0.00,0.00,0.00,0,0,0,0,0,0,0,0
1142.00,0.00,0.00,0.00,0.00,0.00,0.00,0.00,0.00,5329920587.60,8235742716.27,0.00,0.00,0.00,0.00,0,0,0,0,0,0,0,0
1144.00,0.00,0.00,0.00,0.00,0.00,0.00,0.00,0.00,5329920587.60,8235742716.27,0.00,0.00,0.00,0.00,0,0,0,0,0,0,0,0
1146.00,0.00,0.00,0.00,0.00,0.00,0.00,0.00,0.00,5329920587.60,8235742716.27,0.00,0.00,0.00,0.00,0,0,0,0,0,0,0,0
1148.00,0.00,0.00,0.00,0.00,0.00,0.00,0.00,0.00,5329920587.60,8235742716.27,0.00,0.00,0.00,0.00,0,0,0,0,0,0,0,0
1150.00,0.00,0.00,0.00,0.00,0.00,0.00,0.00,0.00,5329920587.60,8235742716.27,0.00,0.00,0.00,0.00,0,0,0,0,0,0,0,0
1152.00,0.00,0.00,0.00,0.00,0.00,0.00,0.00,0.00,5329920587.60,8235742716.27,0.00,0.00,0.00,0.00,0,0,0,0,0,0,0,0
1154.00,0.00,0.00,0.00,0.00,0.00,0.00,0.00,0.00,5329920587.60,8235742716.27,0.00,0.00,0.00,0.00,0,0,0,0,0,0,0,0
1156.00,0.00,0.00,0.00,0.00,0.00,0.00,0.00,0.00,5329920587.60,8235742716.27,0.00,0.00,0.00,0.00,0,0,0,0,0,0,0,0
1158.00,0.00,0.00,0.00,0.00,0.00,0.00,0.00,0.00,5329920587.60,8235742716.27,0.00,0.00,0.00,0.00,0,0,0,0,0,0,0,0
1160.00,0.00,0.00,0.00,0.00,0.00,0.00,0.00,0.00,5329920587.60,8235742716.27,0.00,0.00,0.00,0.00,0,0,0,0,0,0,0,0
1162.00,0.00,0.00,0.00,0.00,0.00,0.00,0.00,0.00,5329920587.60,8235742716.27,0.00,0.00,0.00,0.00,0,0,0,0,0,0,0,0
1164.00,0.00,0.00,0.00,0.00,0.00,0.00,0.00,0.00,5329920587.60,8235742716.27,0.00,0.00,0.00,0.00,0,0,0,0,0,0,0,0
1166.00,0.00,0.00,0.00,0.00,0.00,0.00,0.00,0.00,5329920587.60,8235742716.27,0.00,0.00,0.00,0.00,0,0,0,0,0,0,0,0
1168.00,0.00,0.00,0.00,0.00,0.00,0.00,0.00,0.00,5329920587.60,8235742716.27,0.00,0.00,0.00,0.00,0,0,0,0,0,0,0,0
1170.00,0.00,0.00,0.00,0.00,0.00,0.00,0.00,0.00,5329920587.60,8235742716.27,0.00,0.00,0.00,0.00,0,0,0,0,0,0,0,0
1172.00,0.00,0.00,0.00,0.00,0.00,0.00,0.00,0.00,5329920587.60,8235742716.27,0.00,0.00,0.00,0.00,0,0,0,0,0,0,0,0
1174.00,0.00,0.00,0.00,0.00,0.00,0.00,0.00,0.00,5329920587.60,8235742716.27,0.00,0.00,0.00,0.00,0,0,0,0,0,0,0,0
1176.00,0.00,0.00,0.00,0.00,0.00,0.00,0.00,0.00,5329920587.60,8235742716.27,0.00,0.00,0.00,0.00,0,0,0,0,0,0,0,0
1178.00,0.00,0.00,0.00,0.00,0.00,0.00,0.00,0.00,5329920587.60,8235742716.27,0.00,0.00,0.00,0.00,0,0,0,0,0,0,0,0
1180.00,0.00,0.00,0.00,0.00,0.00,0.00,0.00,0.00,5329920587.60,8235742716.27,0.00,0.00,0.00,0.00,0,0,0,0,0,0,0,0
1182.00,0.00,0.00,0.00,0.00,0.00,0.00,0.00,0.00,5329920587.60,8235742716.27,0.00,0.00,0.00,0.00,0,0,0,0,0,0,0,0
1184.00,0.00,0.00,0.00,0.00,0.00,0.00,0.00,0.00,5329920587.60,8235742716.27,0.00,0.00,0.00,0.00,0,0,0,0,0,0,0,0
1186.00,0.00,0.00,0.00,0.00,0.00,0.00,0.00,0.00,5329920587.60,8235742716.27,0.00,0.00,0.00,0.00,0,0,0,0,0,0,0,0
1188.00,0.00,0.00,0.00,0.00,0.00,0.00,0.00,0.00,5329920587.60,8235742716.27,0.00,0.00,0.00,0.00,0,0,0,0,0,0,0,0
1190.00,0.00,0.00,0.00,0.00,0.00,0.00,0.00,0.00,5329920587.60,8235742716.27,0.00,0.00,0.00,0.00,0,0,0,0,0,0,0,0
1192.00,0.00,0.00,0.00,0.00,0.00,0.00,0.00,0.00,5329920587.60,8235742716.27,0.00,0.00,0.00,0.00,0,0,0,0,0,0,0,0
1194.00,0.00,0.00,0.00,0.00,0.00,0.00,0.00,0.00,5329920587.60,8235742716.27,0.00,0.00,0.00,0.00,0,0,0,0,0,0,0,0
1196.00,0.00,0.00,0.00,0.00,0.00,0.00,0.00,0.00,5329920587.60,8235742716.27,0.00,0.00,0.00,0.00,0,0,0,0,0,0,0,0
1198.00,0.00,0.00,0.00,0.00,0.00,0.00,0.00,0.00,5329920587.60,8235742716.27,0.00,0.00,0.00,0.00,0,0,0,0,0,0,0,0
1200.00,0.00,0.00,0.00,0.00,0.00,0.00,0.00,0.00,5329920587.60,8235742716.27,0.00,0.00,0.00,0.00,0,0,0,0,0,0,0,0
1202.00,0.00,0.00,0.00,0.00,0.00,0.00,0.00,0.00,5329920587.60,8235742716.27,0.00,0.00,0.00,0.00,0,0,0,0,0,0,0,0
1204.00,0.00,0.00,0.00,0.00,0.00,0.00,0.00,0.00,5329920587.60,8235742716.27,0.00,0.00,0.00,0.00,0,0,0,0,0,0,0,0
1206.00,0.00,0.00,0.00,0.00,0.00,0.00,0.00,0.00,5329920587.60,8235742716.27,0.00,0.00,0.00,0.00,0,0,0,0,0,0,0,0
1208.00,0.00,0.00,0.00,0.00,0.00,0.00,0.00,0.00,5329920587.60,8235742716.27,0.00,0.00,0.00,0.00,0,0,0,0,0,0,0,0
1210.00,0.00,0.00,0.00,0.00,0.00,0.00,0.00,0.00,5329920587.60,8235742716.27,0.00,0.00,0.00,0.00,0,0,0,0,0,0,0,0
1212.00,0.00,0.00,0.00,0.00,0.00,0.00,0.00,0.00,5329920587.60,8235742716.27,0.00,0.00,0.00,0.00,0,0,0,0,0,0,0,0
1214.00,0.00,0.00,0.00,0.00,0.00,0.00,0.00,0.00,5329920587.60,8235742716.27,0.00,0.00,0.00,0.00,0,0,0,0,0,0,0,0
1216.00,0.00,0.00,0.00,0.00,0.00,0.00,0.00,0.00,5329920587.60,8235742716.27,0.00,0.00,0.00,0.00,0,0,0,0,0,0,0,0
1218.00,0.00,0.00,0.00,0.00,0.00,0.00,0.00,0.00,5329920587.60,8235742716.27,0.00,0.00,0.00,0.00,0,0,0,0,0,0,0,0
1220.00,0.00,0.00,0.00,0.00,0.00,0.00,0.00,0.00,5329920587.60,8235742716.27,0.00,0.00,0.00,0.00,0,0,0,0,0,0,0,0
1222.00,0.00,0.00,0.00,0.00,0.00,0.00,0.00,0.00,5329920587.60,8235742716.27,0.00,0.00,0.00,0.00,0,0,0,0,0,0,0,0
1224.00,0.00,0.00,0.00,0.00,0.00,0.00,0.00,0.00,5329920587.60,8235742716.27,0.00,0.00,0.00,0.00,0,0,0,0,0,0,0,0
1226.00,0.00,0.00,0.00,0.00,0.00,0.00,0.00,0.00,5329920587.60,8235742716.27,0.00,0.00,0.00,0.00,0,0,0,0,0,0,0,0
1228.00,0.00,0.00,0.00,0.00,0.00,0.00,0.00,0.00,5329920587.60,8235742716.27,0.00,0.00,0.00,0.00,0,0,0,0,0,0,0,0
1230.00,0.00,0.00,0.00,0.00,0.00,0.00,0.00,0.00,5329920587.60,8235742716.27,0.00,0.00,0.00,0.00,0,0,0,0,0,0,0,0
1232.00,0.00,0.00,0.00,0.00,0.00,0.00,0.00,0.00,5329920587.60,8235742716.27,0.00,0.00,0.00,0.00,0,0,0,0,0,0,0,0
1234.00,0.00,0.00,0.00,0.00,0.00,0.00,0.00,0.00,5329920587.60,8235742716.27,0.00,0.00,0.00,0.00,0,0,0,0,0,0,0,0
1236.00,0.00,0.00,0.00,0.00,0.00,0.00,0.00,0.00,5329920587.60,8235742716.27,0.00,0.00,0.00,0.00,0,0,0,0,0,0,0,0
1238.00,0.00,0.00,0.00,0.00,0.00,0.00,0.00,0.00,5329920587.60,8235742716.27,0.00,0.00,0.00,0.00,0,0,0,0,0,0,0,0
1240.00,0.00,0.00,0.00,0.00,0.00,0.00,0.00,0.00,5329920587.60,8235742716.27,0.00,0.00,0.00,0.00,0,0,0,0,0,0,0,0
1242.00,0.00,0.00,0.00,0.00,0.00,0.00,0.00,0.00,5329920587.60,8235742716.27,0.00,0.00,0.00,0.00,0,0,0,0,0,0,0,0
1244.00,0.00,0.00,0.00,0.00,0.00,0.00,0.00,0.00,5329920587.60,8235742716.27,0.00,0.00,0.00,0.00,0,0,0,0,0,0,0,0
1246.00,0.00,0.00,0.00,0.00,0.00,0.00,0.00,0.00,5329920587.60,8235742716.27,0.00,0.00,0.00,0.00,0,0,0,0,0,0,0,0
1248.00,0.00,0.00,0.00,0.00,0.00,0.00,0.00,0.00,5329920587.60,8235742716.27,0.00,0.00,0.00,0.00,0,0,0,0,0,0,0,0
1250.00,0.00,0.00,0.00,0.00,0.00,0.00,0.00,0.00,5329920587.60,8235742716.27,0.00,0.00,0.00,0.00,0,0,0,0,0,0,0,0
1252.00,0.00,0.00,0.00,0.00,0.00,0.00,0.00,0.00,5329920587.60,8235742716.27,0.00,0.00,0.00,0.00,0,0,0,0,0,0,0,0
1254.00,0.00,0.00,0.00,0.00,0.00,0.00,0.00,0.00,5329920587.60,8235742716.27,0.00,0.00,0.00,0.00,0,0,0,0,0,0,0,0
1256.00,0.00,0.00,0.00,0.00,0.00,0.00,0.00,0.00,5329920587.60,8235742716.27,0.00,0.00,0.00,0.00,0,0,0,0,0,0,0,0
1258.00,0.00,0.00,0.00,0.00,0.00,0.00,0.00,0.00,5329920587.60,8235742716.27,0.00,0.00,0.00,0.00,0,0,0,0,0,0,0,0
1260.00,0.00,0.00,0.00,0.00,0.00,0.00,0.00,0.00,5329920587.60,8235742716.27,0.00,0.00,0.00,0.00,0,0,0,0,0,0,0,0
1262.00,0.00,0.00,0.00,0.00,0.00,0.00,0.00,0.00,5329920587.60,8235742716.27,0.00,0.00,0.00,0.00,0,0,0,0,0,0,0,0
1264.00,0.00,0.00,0.00,0.00,0.00,0.00,0.00,0.00,5329920587.60,8235742716.27,0.00,0.00,0.00,0.00,0,0,0,0,0,0,0,0
1266.00,0.00,0.00,0.00,0.00,0.00,0.00,0.00,0.00,5329920587.60,8235742716.27,0.00,0.00,0.00,0.00,0,0,0,0,0,0,0,0
1268.00,0.00,0.00,0.00,0.00,0.00,0.00,0.00,0.00,5329920587.60,8235742716.27,0.00,0.00,0.00,0.00,0,0,0,0,0,0,0,0
1270.00,0.00,0.00,0.00,0.00,0.00,0.00,0.00,0.00,5329920587.60,8235742716.27,0.00,0.00,0.00,0.00,0,0,0,0,0,0,0,0
1272.00,0.00,0.00,0.00,0.00,0.00,0.00,0.00,0.00,5329920587.60,8235742716.27,0.00,0.00,0.00,0.00,0,0,0,0,0,0,0,0
1274.00,0.00,0.00,0.00,0.00,0.00,0.00,0.00,0.00,5329920587.60,8235742716.27,0.00,0.00,0.00,0.00,0,0,0,0,0,0,0,0
1276.00,0.00,0.00,0.00,0.00,0.00,0.00,0.00,0.00,5329920587.60,8235742716.27,0.00,0.00,0.00,0.00,0,0,0,0,0,0,0,0
1278.00,0.00,0.00,0.00,0.00,0.00,0.00,0.00,0.00,5329920587.60,8235742716.27,0.00,0.00,0.00,0.00,0,0,0,0,0,0,0,0
1280.00,0.00,0.00,0.00,0.00,0.00,0.00,0.00,0.00,5329920587.60,8235742716.27,0.00,0.00,0.00,0.00,0,0,0,0,0,0,0,0
1282.00,0.00,0.00,0.00,0.00,0.00,0.00,0.00,0.00,5329920587.60,8235742716.27,0.00,0.00,0.00,0.00,0,0,0,0,0,0,0,0
1284.00,0.00,0.00,0.00,0.00,0.00,0.00,0.00,0.00,5329920587.60,8235742716.27,0.00,0.00,0.00,0.00,0,0,0,0,0,0,0,0
1286.00,0.00,0.00,0.00,0.00,0.00,0.00,0.00,0.00,5329920587.60,8235742716.27,0.00,0.00,0.00,0.00,0,0,0,0,0,0,0,0
1288.00,0.00,0.00,0.00,0.00,0.00,0.00,0.00,0.00,5329920587.60,8235742716.27,0.00,0.00,0.00,0.00,0,0,0,0,0,0,0,0
1290.00,0.00,0.00,0.00,0.00,0.00,0.00,0.00,0.00,5329920587.60,8235742716.27,0.00,0.00,0.00,0.00,0,0,0,0,0,0,0,0
1292.00,0.00,0.00,0.00,0.00,0.00,0.00,0.00,0.00,5329920587.60,8235742716.27,0.00,0.00,0.00,0.00,0,0,0,0,0,0,0,0
1294.00,0.00,0.00,0.00,0.00,0.00,0.00,0.00,0.00,5329920587.60,8235742716.27,0.00,0.00,0.00,0.00,0,0,0,0,0,0,0,0
1296.00,0.00,0.00,0.00,0.00,0.00,0.00,0.00,0.00,5329920587.60,8235742716.27,0.00,0.00,0.00,0.00,0,0,0,0,0,0,0,0
1298.00,0.00,0.00,0.00,0.00,0.00,0.00,0.00,0.00,5329920587.60,8235742716.27,0.00,0.00,0.00,0.00,0,0,0,0,0,0,0,0
1300.00,0.00,0.00,0.00,0.00,0.00,0.00,0.00,0.00,5329920587.60,8235742716.27,0.00,0.00,0.00,0.00,0,0,0,0,0,0,0,0
1302.00,0.00,0.00,0.00,0.00,0.00,0.00,0.00,0.00,5329920587.60,8235742716.27,0.00,0.00,0.00,0.00,0,0,0,0,0,0,0,0
1304.00,0.00,0.00,0.00,0.00,0.00,0.00,0.00,0.00,5329920587.60,8235742716.27,0.00,0.00,0.00,0.00,0,0,0,0,0,0,0,0
1306.00,0.00,0.00,0.00,0.00,0.00,0.00,0.00,0.00,5329920587.60,8235742716.27,0.00,0.00,0.00,0.00,0,0,0,0,0,0,0,0
1308.00,0.00,0.00,0.00,0.00,0.00,0.00,0.00,0.00,5329920587.60,8235742716.27,0.00,0.00,0.00,0.00,0,0,0,0,0,0,0,0
1310.00,0.00,0.00,0.00,0.00,0.00,0.00,0.00,0.00,5329920587.60,8235742716.27,0.00,0.00,0.00,0.00,0,0,0,0,0,0,0,0
1312.00,0.00,0.00,0.00,0.00,0.00,0.00,0.00,0.00,5329920587.60,8235742716.27,0.00,0.00,0.00,0.00,0,0,0,0,0,0,0,0
1314.00,0.00,0.00,0.00,0.00,0.00,0.00,0.00,0.00,5329920587.60,8235742716.27,0.00,0.00,0.00,0.00,0,0,0,0,0,0,0,0
1316.00,0.00,0.00,0.00,0.00,0.00,0.00,0.00,0.00,5329920587.60,8235742716.27,0.00,0.00,0.00,0.00,0,0,0,0,0,0,0,0
1318.00,0.00,0.00,0.00,0.00,0.00,0.00,0.00,0.00,5329920587.60,8235742716.27,0.00,0.00,0.00,0.00,0,0,0,0,0,0,0,0
1320.00,0.00,0.00,0.00,0.00,0.00,0.00,0.00,0.00,5329920587.60,8235742716.27,0.00,0.00,0.00,0.00,0,0,0,0,0,0,0,0
1322.00,0.00,0.00,0.00,0.00,0.00,0.00,0.00,0.00,5329920587.60,8235742716.27,0.00,0.00,0.00,0.00,0,0,0,0,0,0,0,0
1324.00,0.00,0.00,0.00,0.00,0.00,0.00,0.00,0.00,5329920587.60,8235742716.27,0.00,0.00,0.00,0.00,0,0,0,0,0,0,0,0
1326.00,0.00,0.00,0.00,0.00,0.00,0.00,0.00,0.00,5329920587.60,8235742716.27,0.00,0.00,0.00,0.00,0,0,0,0,0,0,0,0
1328.00,0.00,0.00,0.00,0.00,0.00,0.00,0.00,0.00,5329920587.60,8235742716.27,0.00,0.00,0.00,0.00,0,0,0,0,0,0,0,0
1330.00,0.00,0.00,0.00,0.00,0.00,0.00,0.00,0.00,5329920587.60,8235742716.27,0.00,0.00,0.00,0.00,0,0,0,0,0,0,0,0
1330.79,0.00,0.00,0.00,0.00,0.00,0.00,0.00,0.00,5329920587.60,8235742716.27,0.00,0.00,0.00,0.00,0,0,0,0,0,0,0,0
