time_sec,occupancy_blocks,free_blocks,clean_blocks,dirty_blocks,rd_hits,rd_misses,rd_total,wr_hits,wr_misses,wr_total,cache_rd_blocks,cache_wr_blocks,core_rd_blocks,core_wr_blocks,host_rd_blocks,host_wr_blocks,cache_wr_delta,core_wr_delta,host_wr_delta,cache_wr_MB,core_wr_MB,host_wr_MB,nvme_host_MB,nvme_media_MB,nvme_host_delta_MB,nvme_media_delta_MB
2.00,0,454294774,0,0,0,4,4,0,0,0,0,0,11,0,11,0,0,0,0,0.00,0.00,0.00,0.00,0.00,0.00,0.00
4.00,0,454294774,0,0,0,4,4,0,0,0,0,0,11,0,11,0,0,0,0,0.00,0.00,0.00,4417413297.43,7094190420.90,4417413297.43,7094190420.90
6.00,0,454294774,0,0,0,4,4,0,0,0,0,0,11,0,11,0,0,0,0,0.00,0.00,0.00,4417413297.43,7094190420.90,0.00,0.00
8.00,0,454294774,0,0,0,4,4,0,0,0,0,0,11,0,11,0,0,0,0,0.00,0.00,0.00,4417413297.43,7094190420.90,0.00,0.00
10.00,0,454294774,0,0,0,51,51,0,0,0,0,0,276,0,276,0,0,0,0,0.00,0.00,0.00,4417413297.43,7094190420.90,0.00,0.00
12.00,0,454294774,0,0,0,51,51,0,0,0,0,0,276,0,276,0,0,0,0,0.00,0.00,0.00,4417413297.43,7094190420.90,0.00,0.00
14.00,0,454294774,0,0,0,51,51,0,0,0,0,0,276,0,276,0,0,0,0,0.00,0.00,0.00,4417413297.43,7094190420.90,0.00,0.00
16.00,0,454294774,0,0,0,51,51,0,0,0,0,0,276,0,276,0,0,0,0,0.00,0.00,0.00,4417413297.43,7094190420.90,0.00,0.00
18.00,0,454294774,0,0,0,51,51,0,0,0,0,0,276,0,276,0,0,0,0,0.00,0.00,0.00,4417413297.43,7094190420.90,0.00,0.00
20.00,0,454294774,0,0,0,51,51,0,0,0,0,0,276,0,276,0,0,0,0,0.00,0.00,0.00,4417413297.43,7094190420.90,0.00,0.00
22.00,0,454294774,0,0,0,51,51,0,0,0,0,0,276,0,276,0,0,0,0,0.00,0.00,0.00,4417413297.43,7094190420.90,0.00,0.00
24.00,0,454294774,0,0,0,51,51,0,0,0,0,0,276,0,276,0,0,0,0,0.00,0.00,0.00,4417413297.43,7094190420.90,0.00,0.00
26.00,0,454294774,0,0,0,51,51,0,0,0,0,0,276,0,276,0,0,0,0,0.00,0.00,0.00,4417413297.43,7094190420.90,0.00,0.00
28.00,0,454294774,0,0,0,51,51,0,0,0,0,0,276,0,276,0,0,0,0,0.00,0.00,0.00,4417413297.43,7094190420.90,0.00,0.00
30.00,0,454294774,0,0,0,51,51,0,0,0,0,0,276,0,276,0,0,0,0,0.00,0.00,0.00,4417431990.22,7095664121.18,18692.79,1473700.27
32.00,0,454294774,0,0,0,51,51,0,0,0,0,0,276,0,276,0,0,0,0,0.00,0.00,0.00,4417431990.22,7095664121.18,0.00,0.00
34.00,0,454294774,0,0,0,51,51,0,0,0,0,0,276,0,276,0,0,0,0,0.00,0.00,0.00,4417431990.22,7095664121.18,0.00,0.00
36.00,0,454294774,0,0,0,51,51,0,0,0,0,0,276,0,276,0,0,0,0,0.00,0.00,0.00,4417431990.22,7095664121.18,0.00,0.00
38.00,0,454294774,0,0,0,51,51,0,0,0,0,0,276,0,276,0,0,0,0,0.00,0.00,0.00,4417431990.22,7095664121.18,0.00,0.00
40.00,0,454294774,0,0,0,51,51,0,0,0,0,0,276,0,276,0,0,0,0,0.00,0.00,0.00,4417431990.22,7095664121.18,0.00,0.00
42.00,0,454294774,0,0,0,51,51,0,0,0,0,0,276,0,276,0,0,0,0,0.00,0.00,0.00,4417431990.22,7095664121.18,0.00,0.00
44.00,0,454294774,0,0,0,51,51,0,0,0,0,0,276,0,276,0,0,0,0,0.00,0.00,0.00,4417431990.22,7095664121.18,0.00,0.00
46.00,0,454294774,0,0,0,51,51,0,0,0,0,0,276,0,276,0,0,0,0,0.00,0.00,0.00,4417431990.22,7095664121.18,0.00,0.00
48.00,0,454294774,0,0,0,51,51,0,0,0,0,0,276,0,276,0,0,0,0,0.00,0.00,0.00,4417431990.22,7095664121.18,0.00,0.00
50.00,0,454294774,0,0,0,51,51,0,0,0,0,0,276,0,276,0,0,0,0,0.00,0.00,0.00,4417431990.22,7095664121.18,0.00,0.00
52.00,0,454294774,0,0,0,51,51,0,0,0,0,0,276,0,276,0,0,0,0,0.00,0.00,0.00,4417431990.22,7095664121.18,0.00,0.00
54.00,0,454294774,0,0,0,51,51,0,0,0,0,0,276,0,276,0,0,0,0,0.00,0.00,0.00,4417431990.22,7095664121.18,0.00,0.00
56.00,0,454294774,0,0,0,51,51,0,0,0,0,0,276,0,276,0,0,0,0,0.00,0.00,0.00,4417431990.22,7095664121.18,0.00,0.00
58.00,0,454294774,0,0,0,51,51,0,0,0,0,0,276,0,276,0,0,0,0,0.00,0.00,0.00,4417431990.22,7095664121.18,0.00,0.00
60.00,0,454294774,0,0,0,51,51,0,0,0,0,0,276,0,276,0,0,0,0,0.00,0.00,0.00,4417431990.22,7095664121.18,0.00,0.00
62.00,0,454294774,0,0,0,51,51,0,0,0,0,0,276,0,276,0,0,0,0,0.00,0.00,0.00,4417431990.22,7095664121.18,0.00,0.00
64.00,0,454294774,0,0,0,51,51,0,0,0,0,0,276,0,276,0,0,0,0,0.00,0.00,0.00,4417431990.22,7095664121.18,0.00,0.00
66.00,0,454294774,0,0,0,51,51,0,0,0,0,0,276,0,276,0,0,0,0,0.00,0.00,0.00,4417431990.22,7095664121.18,0.00,0.00
68.00,0,454294774,0,0,0,51,51,0,0,0,0,0,276,0,276,0,0,0,0,0.00,0.00,0.00,4417431990.22,7095664121.18,0.00,0.00
70.00,0,454294774,0,0,0,51,51,0,0,0,0,0,276,0,276,0,0,0,0,0.00,0.00,0.00,4417431990.22,7095664121.18,0.00,0.00
72.00,0,454294774,0,0,0,51,51,0,0,0,0,0,276,0,276,0,0,0,0,0.00,0.00,0.00,4417431990.22,7095664121.18,0.00,0.00
74.00,0,454294774,0,0,0,51,51,0,0,0,0,0,276,0,276,0,0,0,0,0.00,0.00,0.00,4417431990.22,7095664121.18,0.00,0.00
76.00,0,454294774,0,0,0,51,51,0,0,0,0,0,276,0,276,0,0,0,0,0.00,0.00,0.00,4417431990.22,7095664121.18,0.00,0.00
78.00,0,454294774,0,0,0,51,51,0,0,0,0,0,276,0,276,0,0,0,0,0.00,0.00,0.00,4417431990.22,7095664121.18,0.00,0.00
80.00,0,454294774,0,0,0,51,51,0,0,0,0,0,276,0,276,0,0,0,0,0.00,0.00,0.00,4417431990.22,7095664121.18,0.00,0.00
82.00,0,454294774,0,0,0,51,51,0,0,0,0,0,276,0,276,0,0,0,0,0.00,0.00,0.00,4417431990.22,7095664121.18,0.00,0.00
84.00,0,454294774,0,0,0,51,51,0,0,0,0,0,276,0,276,0,0,0,0,0.00,0.00,0.00,4417431990.22,7095664121.18,0.00,0.00
86.00,0,454294774,0,0,0,51,51,0,0,0,0,0,276,0,276,0,0,0,0,0.00,0.00,0.00,4417431990.22,7095664121.18,0.00,0.00
88.00,0,454294774,0,0,0,51,51,0,0,0,0,0,276,0,276,0,0,0,0,0.00,0.00,0.00,4417431990.22,7095664121.18,0.00,0.00
90.00,0,454294774,0,0,0,51,51,0,0,0,0,0,276,0,276,0,0,0,0,0.00,0.00,0.00,4417431990.22,7095664121.18,0.00,0.00
92.00,0,454294774,0,0,0,51,51,0,0,0,0,0,276,0,276,0,0,0,0,0.00,0.00,0.00,4417431990.22,7095664121.18,0.00,0.00
94.00,0,454294774,0,0,0,51,51,0,0,0,0,0,276,0,276,0,0,0,0,0.00,0.00,0.00,4417431990.22,7095664121.18,0.00,0.00
96.00,0,454294774,0,0,0,51,51,0,0,0,0,0,276,0,276,0,0,0,0,0.00,0.00,0.00,4417431990.22,7095664121.18,0.00,0.00
98.00,0,454294774,0,0,0,51,51,0,0,0,0,0,276,0,276,0,0,0,0,0.00,0.00,0.00,4417431990.22,7095664121.18,0.00,0.00
100.00,0,454294774,0,0,0,51,51,0,0,0,0,0,276,0,276,0,0,0,0,0.00,0.00,0.00,4417431990.22,7095664121.18,0.00,0.00
102.00,0,454294774,0,0,0,51,51,0,0,0,0,0,276,0,276,0,0,0,0,0.00,0.00,0.00,4417431990.22,7095664121.18,0.00,0.00
104.00,0,454294774,0,0,0,51,51,0,0,0,0,0,276,0,276,0,0,0,0,0.00,0.00,0.00,4417431990.22,7095664121.18,0.00,0.00
106.00,0,454294774,0,0,0,51,51,0,0,0,0,0,276,0,276,0,0,0,0,0.00,0.00,0.00,4417431990.22,7095664121.18,0.00,0.00
108.00,0,454294774,0,0,0,51,51,0,0,0,0,0,276,0,276,0,0,0,0,0.00,0.00,0.00,4417431990.22,7095664121.18,0.00,0.00
110.00,0,454294774,0,0,0,51,51,0,0,0,0,0,276,0,276,0,0,0,0,0.00,0.00,0.00,4417431990.22,7095664121.18,0.00,0.00
112.00,0,454294774,0,0,0,51,51,0,0,0,0,0,276,0,276,0,0,0,0,0.00,0.00,0.00,4417431990.22,7095664121.18,0.00,0.00
114.00,0,454294774,0,0,0,51,51,0,0,0,0,0,276,0,276,0,0,0,0,0.00,0.00,0.00,4417431990.22,7095664121.18,0.00,0.00
116.00,0,454294774,0,0,0,51,51,0,0,0,0,0,276,0,276,0,0,0,0,0.00,0.00,0.00,4417431990.22,7095664121.18,0.00,0.00
118.00,0,454294774,0,0,0,51,51,0,0,0,0,0,276,0,276,0,0,0,0,0.00,0.00,0.00,4417431990.22,7095664121.18,0.00,0.00
120.00,0,454294774,0,0,0,51,51,0,0,0,0,0,276,0,276,0,0,0,0,0.00,0.00,0.00,4417431990.22,7095664121.18,0.00,0.00
122.00,0,454294774,0,0,0,51,51,0,0,0,0,0,276,0,276,0,0,0,0,0.00,0.00,0.00,4417431990.22,7095664121.18,0.00,0.00
124.00,0,454294774,0,0,0,51,51,0,0,0,0,0,276,0,276,0,0,0,0,0.00,0.00,0.00,4417431990.22,7095664121.18,0.00,0.00
126.00,0,454294774,0,0,0,51,51,0,0,0,0,0,276,0,276,0,0,0,0,0.00,0.00,0.00,4417431990.22,7095664121.18,0.00,0.00
128.00,0,454294774,0,0,0,51,51,0,0,0,0,0,276,0,276,0,0,0,0,0.00,0.00,0.00,4417431990.22,7095664121.18,0.00,0.00
130.00,0,454294774,0,0,0,51,51,0,0,0,0,0,276,0,276,0,0,0,0,0.00,0.00,0.00,4417431990.22,7095664121.18,0.00,0.00
132.00,0,454294774,0,0,0,51,51,0,0,0,0,0,276,0,276,0,0,0,0,0.00,0.00,0.00,4417431990.22,7095664121.18,0.00,0.00
134.00,0,454294774,0,0,0,51,51,0,0,0,0,0,276,0,276,0,0,0,0,0.00,0.00,0.00,4417431990.22,7095664121.18,0.00,0.00
136.00,0,454294774,0,0,0,51,51,0,0,0,0,0,276,0,276,0,0,0,0,0.00,0.00,0.00,4417431990.22,7095664121.18,0.00,0.00
138.00,0,454294774,0,0,0,51,51,0,0,0,0,0,276,0,276,0,0,0,0,0.00,0.00,0.00,4417431990.22,7095664121.18,0.00,0.00
140.00,0,454294774,0,0,0,51,51,0,0,0,0,0,276,0,276,0,0,0,0,0.00,0.00,0.00,4417431990.22,7095664121.18,0.00,0.00
142.00,0,454294774,0,0,0,51,51,0,0,0,0,0,276,0,276,0,0,0,0,0.00,0.00,0.00,4417431990.22,7095664121.18,0.00,0.00
144.00,0,454294774,0,0,0,51,51,0,0,0,0,0,276,0,276,0,0,0,0,0.00,0.00,0.00,4417431990.22,7095664121.18,0.00,0.00
146.00,0,454294774,0,0,0,51,51,0,0,0,0,0,276,0,276,0,0,0,0,0.00,0.00,0.00,4417431990.22,7095664121.18,0.00,0.00
148.00,0,454294774,0,0,0,51,51,0,0,0,0,0,276,0,276,0,0,0,0,0.00,0.00,0.00,4417431990.22,7095664121.18,0.00,0.00
150.00,0,454294774,0,0,0,51,51,0,0,0,0,0,276,0,276,0,0,0,0,0.00,0.00,0.00,4417431990.22,7095664121.18,0.00,0.00
152.00,0,454294774,0,0,0,51,51,0,0,0,0,0,276,0,276,0,0,0,0,0.00,0.00,0.00,4417431990.22,7095664121.18,0.00,0.00
154.00,0,454294774,0,0,0,51,51,0,0,0,0,0,276,0,276,0,0,0,0,0.00,0.00,0.00,4417431990.22,7095664121.18,0.00,0.00
156.00,0,454294774,0,0,0,51,51,0,0,0,0,0,276,0,276,0,0,0,0,0.00,0.00,0.00,4417431990.22,7095664121.18,0.00,0.00
158.00,0,454294774,0,0,0,51,51,0,0,0,0,0,276,0,276,0,0,0,0,0.00,0.00,0.00,4417431990.22,7095664121.18,0.00,0.00
160.00,0,454294774,0,0,0,51,51,0,0,0,0,0,276,0,276,0,0,0,0,0.00,0.00,0.00,4417431990.22,7095664121.18,0.00,0.00
162.00,0,454294774,0,0,0,51,51,0,0,0,0,0,276,0,276,0,0,0,0,0.00,0.00,0.00,4417431990.22,7095664121.18,0.00,0.00
164.00,0,454294774,0,0,0,51,51,0,0,0,0,0,276,0,276,0,0,0,0,0.00,0.00,0.00,4417431990.22,7095664121.18,0.00,0.00
166.00,0,454294774,0,0,0,51,51,0,0,0,0,0,276,0,276,0,0,0,0,0.00,0.00,0.00,4417431990.22,7095664121.18,0.00,0.00
168.00,0,454294774,0,0,0,51,51,0,0,0,0,0,276,0,276,0,0,0,0,0.00,0.00,0.00,4417431990.22,7095664121.18,0.00,0.00
170.00,0,454294774,0,0,0,51,51,0,0,0,0,0,276,0,276,0,0,0,0,0.00,0.00,0.00,4417431990.22,7095664121.18,0.00,0.00
172.00,0,454294774,0,0,0,51,51,0,0,0,0,0,276,0,276,0,0,0,0,0.00,0.00,0.00,4417431990.22,7095664121.18,0.00,0.00
174.00,0,454294774,0,0,0,51,51,0,0,0,0,0,276,0,276,0,0,0,0,0.00,0.00,0.00,4417431990.22,7095664121.18,0.00,0.00
176.00,0,454294774,0,0,0,51,51,0,0,0,0,0,276,0,276,0,0,0,0,0.00,0.00,0.00,4417431990.22,7095664121.18,0.00,0.00
178.00,0,454294774,0,0,0,51,51,0,0,0,0,0,276,0,276,0,0,0,0,0.00,0.00,0.00,4417431990.22,7095664121.18,0.00,0.00
180.00,0,454294774,0,0,0,51,51,0,0,0,0,0,276,0,276,0,0,0,0,0.00,0.00,0.00,4417431990.22,7095664121.18,0.00,0.00
182.00,0,454294774,0,0,0,51,51,0,0,0,0,0,276,0,276,0,0,0,0,0.00,0.00,0.00,4417431990.22,7095664121.18,0.00,0.00
184.00,0,454294774,0,0,0,51,51,0,0,0,0,0,276,0,276,0,0,0,0,0.00,0.00,0.00,4417431990.22,7095664121.18,0.00,0.00
186.00,0,454294774,0,0,0,51,51,0,0,0,0,0,276,0,276,0,0,0,0,0.00,0.00,0.00,4417431990.22,7095664121.18,0.00,0.00
188.00,0,454294774,0,0,0,51,51,0,0,0,0,0,276,0,276,0,0,0,0,0.00,0.00,0.00,4417431990.22,7095664121.18,0.00,0.00
190.00,0,454294774,0,0,0,51,51,0,0,0,0,0,276,0,276,0,0,0,0,0.00,0.00,0.00,4417431990.22,7095664121.18,0.00,0.00
192.00,0,454294774,0,0,0,51,51,0,0,0,0,0,276,0,276,0,0,0,0,0.00,0.00,0.00,4417431990.22,7095664121.18,0.00,0.00
194.00,0,454294774,0,0,0,51,51,0,0,0,0,0,276,0,276,0,0,0,0,0.00,0.00,0.00,4417431990.22,7095664121.18,0.00,0.00
196.00,0,454294774,0,0,0,51,51,0,0,0,0,0,276,0,276,0,0,0,0,0.00,0.00,0.00,4417431990.22,7095664121.18,0.00,0.00
198.00,0,454294774,0,0,0,51,51,0,0,0,0,0,276,0,276,0,0,0,0,0.00,0.00,0.00,4417431990.22,7095664121.18,0.00,0.00
200.00,0,454294774,0,0,0,51,51,0,0,0,0,0,276,0,276,0,0,0,0,0.00,0.00,0.00,4417431990.22,7095664121.18,0.00,0.00
202.00,0,454294774,0,0,0,51,51,0,0,0,0,0,276,0,276,0,0,0,0,0.00,0.00,0.00,4417431990.22,7095664121.18,0.00,0.00
204.00,0,454294774,0,0,0,51,51,0,0,0,0,0,276,0,276,0,0,0,0,0.00,0.00,0.00,4417431990.22,7095664121.18,0.00,0.00
206.00,0,454294774,0,0,0,51,51,0,0,0,0,0,276,0,276,0,0,0,0,0.00,0.00,0.00,4417431990.22,7095664121.18,0.00,0.00
208.00,0,454294774,0,0,0,51,51,0,0,0,0,0,276,0,276,0,0,0,0,0.00,0.00,0.00,4417431990.22,7095664121.18,0.00,0.00
210.00,0,454294774,0,0,0,51,51,0,0,0,0,0,276,0,276,0,0,0,0,0.00,0.00,0.00,4417431990.22,7095664121.18,0.00,0.00
212.00,0,454294774,0,0,0,51,51,0,0,0,0,0,276,0,276,0,0,0,0,0.00,0.00,0.00,4417431990.22,7095664121.18,0.00,0.00
214.00,0,454294774,0,0,0,51,51,0,0,0,0,0,276,0,276,0,0,0,0,0.00,0.00,0.00,4417431990.22,7095664121.18,0.00,0.00
216.00,0,454294774,0,0,0,51,51,0,0,0,0,0,276,0,276,0,0,0,0,0.00,0.00,0.00,4417431990.22,7095664121.18,0.00,0.00
218.00,0,454294774,0,0,0,51,51,0,0,0,0,0,276,0,276,0,0,0,0,0.00,0.00,0.00,4417431990.22,7095664121.18,0.00,0.00
220.00,0,454294774,0,0,0,51,51,0,0,0,0,0,276,0,276,0,0,0,0,0.00,0.00,0.00,4417431990.22,7095664121.18,0.00,0.00
222.00,0,454294774,0,0,0,51,51,0,0,0,0,0,276,0,276,0,0,0,0,0.00,0.00,0.00,4417431990.22,7095664121.18,0.00,0.00
224.00,0,454294774,0,0,0,51,51,0,0,0,0,0,276,0,276,0,0,0,0,0.00,0.00,0.00,4417431990.22,7095664121.18,0.00,0.00
226.00,0,454294774,0,0,0,51,51,0,0,0,0,0,276,0,276,0,0,0,0,0.00,0.00,0.00,4417431990.22,7095664121.18,0.00,0.00
228.00,0,454294774,0,0,0,51,51,0,0,0,0,0,276,0,276,0,0,0,0,0.00,0.00,0.00,4417431990.22,7095664121.18,0.00,0.00
230.00,0,454294774,0,0,0,51,51,0,0,0,0,0,276,0,276,0,0,0,0,0.00,0.00,0.00,4417431990.22,7095664121.18,0.00,0.00
232.00,0,454294774,0,0,0,51,51,0,0,0,0,0,276,0,276,0,0,0,0,0.00,0.00,0.00,4417431990.22,7095664121.18,0.00,0.00
234.00,0,454294774,0,0,0,51,51,0,0,0,0,0,276,0,276,0,0,0,0,0.00,0.00,0.00,4417431990.22,7095664121.18,0.00,0.00
236.00,0,454294774,0,0,0,51,51,0,0,0,0,0,276,0,276,0,0,0,0,0.00,0.00,0.00,4417431990.22,7095664121.18,0.00,0.00
238.00,0,454294774,0,0,0,51,51,0,0,0,0,0,276,0,276,0,0,0,0,0.00,0.00,0.00,4417431990.22,7095664121.18,0.00,0.00
240.00,0,454294774,0,0,0,51,51,0,0,0,0,0,276,0,276,0,0,0,0,0.00,0.00,0.00,4417431990.22,7095664121.18,0.00,0.00
242.00,0,454294774,0,0,0,51,51,0,0,0,0,0,276,0,276,0,0,0,0,0.00,0.00,0.00,4417431990.22,7095664121.18,0.00,0.00
244.00,0,454294774,0,0,0,51,51,0,0,0,0,0,276,0,276,0,0,0,0,0.00,0.00,0.00,4417431990.22,7095664121.18,0.00,0.00
246.00,0,454294774,0,0,0,51,51,0,0,0,0,0,276,0,276,0,0,0,0,0.00,0.00,0.00,4417431990.22,7095664121.18,0.00,0.00
248.00,0,454294774,0,0,0,51,51,0,0,0,0,0,276,0,276,0,0,0,0,0.00,0.00,0.00,4417431990.22,7095664121.18,0.00,0.00
250.00,0,454294774,0,0,0,51,51,0,0,0,0,0,276,0,276,0,0,0,0,0.00,0.00,0.00,4417431990.22,7095664121.18,0.00,0.00
252.00,0,454294774,0,0,0,51,51,0,0,0,0,0,276,0,276,0,0,0,0,0.00,0.00,0.00,4417431990.22,7095664121.18,0.00,0.00
254.00,0,454294774,0,0,0,51,51,0,0,0,0,0,276,0,276,0,0,0,0,0.00,0.00,0.00,4417431990.22,7095664121.18,0.00,0.00
256.00,0,454294774,0,0,0,51,51,0,0,0,0,0,276,0,276,0,0,0,0,0.00,0.00,0.00,4417431990.22,7095664121.18,0.00,0.00
258.00,0,454294774,0,0,0,51,51,0,0,0,0,0,276,0,276,0,0,0,0,0.00,0.00,0.00,4417431990.22,7095664121.18,0.00,0.00
260.00,0,454294774,0,0,0,51,51,0,0,0,0,0,276,0,276,0,0,0,0,0.00,0.00,0.00,4417431990.22,7095664121.18,0.00,0.00
262.00,0,454294774,0,0,0,51,51,0,0,0,0,0,276,0,276,0,0,0,0,0.00,0.00,0.00,4417431990.22,7095664121.18,0.00,0.00
264.00,0,454294774,0,0,0,51,51,0,0,0,0,0,276,0,276,0,0,0,0,0.00,0.00,0.00,4417431990.22,7095664121.18,0.00,0.00
266.00,0,454294774,0,0,0,51,51,0,0,0,0,0,276,0,276,0,0,0,0,0.00,0.00,0.00,4417431990.22,7095664121.18,0.00,0.00
268.00,0,454294774,0,0,0,51,51,0,0,0,0,0,276,0,276,0,0,0,0,0.00,0.00,0.00,4417431990.22,7095664121.18,0.00,0.00
270.00,0,454294774,0,0,0,51,51,0,0,0,0,0,276,0,276,0,0,0,0,0.00,0.00,0.00,4417431990.22,7095664121.18,0.00,0.00
272.00,0,454294774,0,0,0,51,51,0,0,0,0,0,276,0,276,0,0,0,0,0.00,0.00,0.00,4417431990.22,7095664121.18,0.00,0.00
274.00,0,454294774,0,0,0,51,51,0,0,0,0,0,276,0,276,0,0,0,0,0.00,0.00,0.00,4417431990.22,7095664121.18,0.00,0.00
276.00,0,454294774,0,0,0,51,51,0,0,0,0,0,276,0,276,0,0,0,0,0.00,0.00,0.00,4417431990.22,7095664121.18,0.00,0.00
278.00,0,454294774,0,0,0,51,51,0,0,0,0,0,276,0,276,0,0,0,0,0.00,0.00,0.00,4417431990.22,7095664121.18,0.00,0.00
280.00,0,454294774,0,0,0,51,51,0,0,0,0,0,276,0,276,0,0,0,0,0.00,0.00,0.00,4417431990.22,7095664121.18,0.00,0.00
282.00,0,454294774,0,0,0,51,51,0,0,0,0,0,276,0,276,0,0,0,0,0.00,0.00,0.00,4417431990.22,7095664121.18,0.00,0.00
284.00,0,454294774,0,0,0,51,51,0,0,0,0,0,276,0,276,0,0,0,0,0.00,0.00,0.00,4417431990.22,7095664121.18,0.00,0.00
286.00,0,454294774,0,0,0,51,51,0,0,0,0,0,276,0,276,0,0,0,0,0.00,0.00,0.00,4417431990.22,7095664121.18,0.00,0.00
288.00,0,454294774,0,0,0,51,51,0,0,0,0,0,276,0,276,0,0,0,0,0.00,0.00,0.00,4417431990.22,7095664121.18,0.00,0.00
290.00,0,454294774,0,0,0,51,51,0,0,0,0,0,276,0,276,0,0,0,0,0.00,0.00,0.00,4417431990.22,7095664121.18,0.00,0.00
292.00,0,454294774,0,0,0,51,51,0,0,0,0,0,276,0,276,0,0,0,0,0.00,0.00,0.00,4417431990.22,7095664121.18,0.00,0.00
294.00,0,454294774,0,0,0,51,51,0,0,0,0,0,276,0,276,0,0,0,0,0.00,0.00,0.00,4417431990.22,7095664121.18,0.00,0.00
296.00,0,454294774,0,0,0,51,51,0,0,0,0,0,276,0,276,0,0,0,0,0.00,0.00,0.00,4417431990.22,7095664121.18,0.00,0.00
298.00,0,454294774,0,0,0,51,51,0,0,0,0,0,276,0,276,0,0,0,0,0.00,0.00,0.00,4417431990.22,7095664121.18,0.00,0.00
300.00,0,454294774,0,0,0,51,51,0,0,0,0,0,276,0,276,0,0,0,0,0.00,0.00,0.00,4417431990.22,7095664121.18,0.00,0.00
302.00,0,454294774,0,0,0,51,51,0,0,0,0,0,276,0,276,0,0,0,0,0.00,0.00,0.00,4417431990.22,7095664121.18,0.00,0.00
304.00,0,454294774,0,0,0,51,51,0,0,0,0,0,276,0,276,0,0,0,0,0.00,0.00,0.00,4417431990.22,7095664121.18,0.00,0.00
306.00,0,454294774,0,0,0,51,51,0,0,0,0,0,276,0,276,0,0,0,0,0.00,0.00,0.00,4417431990.22,7095664121.18,0.00,0.00
308.00,0,454294774,0,0,0,51,51,0,0,0,0,0,276,0,276,0,0,0,0,0.00,0.00,0.00,4417431990.22,7095664121.18,0.00,0.00
310.00,0,454294774,0,0,0,51,51,0,0,0,0,0,276,0,276,0,0,0,0,0.00,0.00,0.00,4417431990.22,7095664121.18,0.00,0.00
312.00,0,454294774,0,0,0,51,51,0,0,0,0,0,276,0,276,0,0,0,0,0.00,0.00,0.00,4417431990.22,7095664121.18,0.00,0.00
314.00,0,454294774,0,0,0,51,51,0,0,0,0,0,276,0,276,0,0,0,0,0.00,0.00,0.00,4417431990.22,7095664121.18,0.00,0.00
316.00,0,454294774,0,0,0,51,51,0,0,0,0,0,276,0,276,0,0,0,0,0.00,0.00,0.00,4417431990.22,7095664121.18,0.00,0.00
318.00,0,454294774,0,0,0,51,51,0,0,0,0,0,276,0,276,0,0,0,0,0.00,0.00,0.00,4417431990.22,7095664121.18,0.00,0.00
320.00,0,454294774,0,0,0,51,51,0,0,0,0,0,276,0,276,0,0,0,0,0.00,0.00,0.00,4417431990.22,7095664121.18,0.00,0.00
322.00,0,454294774,0,0,0,51,51,0,0,0,0,0,276,0,276,0,0,0,0,0.00,0.00,0.00,4417431990.22,7095664121.18,0.00,0.00
324.00,0,454294774,0,0,0,51,51,0,0,0,0,0,276,0,276,0,0,0,0,0.00,0.00,0.00,4417431990.22,7095664121.18,0.00,0.00
326.00,0,454294774,0,0,0,51,51,0,0,0,0,0,276,0,276,0,0,0,0,0.00,0.00,0.00,4417431990.22,7095664121.18,0.00,0.00
328.00,0,454294774,0,0,0,51,51,0,0,0,0,0,276,0,276,0,0,0,0,0.00,0.00,0.00,4417431990.22,7095664121.18,0.00,0.00
330.00,0,454294774,0,0,0,51,51,0,0,0,0,0,276,0,276,0,0,0,0,0.00,0.00,0.00,4417431990.22,7095664121.18,0.00,0.00
332.00,0,454294774,0,0,0,51,51,0,0,0,0,0,276,0,276,0,0,0,0,0.00,0.00,0.00,4417431990.22,7095664121.18,0.00,0.00
334.00,0,454294774,0,0,0,51,51,0,0,0,0,0,276,0,276,0,0,0,0,0.00,0.00,0.00,4417431990.22,7095664121.18,0.00,0.00
336.00,0,454294774,0,0,0,51,51,0,0,0,0,0,276,0,276,0,0,0,0,0.00,0.00,0.00,4417431990.22,7095664121.18,0.00,0.00
338.00,0,454294774,0,0,0,51,51,0,0,0,0,0,276,0,276,0,0,0,0,0.00,0.00,0.00,4417431990.22,7095664121.18,0.00,0.00
340.00,0,454294774,0,0,0,51,51,0,0,0,0,0,276,0,276,0,0,0,0,0.00,0.00,0.00,4417431990.22,7095664121.18,0.00,0.00
342.00,0,454294774,0,0,0,51,51,0,0,0,0,0,276,0,276,0,0,0,0,0.00,0.00,0.00,4417431990.22,7095664121.18,0.00,0.00
344.00,0,454294774,0,0,0,51,51,0,0,0,0,0,276,0,276,0,0,0,0,0.00,0.00,0.00,4417431990.22,7095664121.18,0.00,0.00
346.00,0,454294774,0,0,0,51,51,0,0,0,0,0,276,0,276,0,0,0,0,0.00,0.00,0.00,4417431990.22,7095664121.18,0.00,0.00
348.00,0,454294774,0,0,0,51,51,0,0,0,0,0,276,0,276,0,0,0,0,0.00,0.00,0.00,4417431990.22,7095664121.18,0.00,0.00
350.00,0,454294774,0,0,0,51,51,0,0,0,0,0,276,0,276,0,0,0,0,0.00,0.00,0.00,4417431990.22,7095664121.18,0.00,0.00
352.00,0,454294774,0,0,0,51,51,0,0,0,0,0,276,0,276,0,0,0,0,0.00,0.00,0.00,4417431990.22,7095664121.18,0.00,0.00
354.00,0,454294774,0,0,0,51,51,0,0,0,0,0,276,0,276,0,0,0,0,0.00,0.00,0.00,4417431990.22,7095664121.18,0.00,0.00
356.00,0,454294774,0,0,0,51,51,0,0,0,0,0,276,0,276,0,0,0,0,0.00,0.00,0.00,4417431990.22,7095664121.18,0.00,0.00
358.00,0,454294774,0,0,0,51,51,0,0,0,0,0,276,0,276,0,0,0,0,0.00,0.00,0.00,4417431990.22,7095664121.18,0.00,0.00
360.00,0,454294774,0,0,0,51,51,0,0,0,0,0,276,0,276,0,0,0,0,0.00,0.00,0.00,4417431990.22,7095664121.18,0.00,0.00
362.00,0,454294774,0,0,0,51,51,0,0,0,0,0,276,0,276,0,0,0,0,0.00,0.00,0.00,4417431990.22,7095664121.18,0.00,0.00
364.00,0,454294774,0,0,0,51,51,0,0,0,0,0,276,0,276,0,0,0,0,0.00,0.00,0.00,4417431990.22,7095664121.18,0.00,0.00
366.00,0,454294774,0,0,0,51,51,0,0,0,0,0,276,0,276,0,0,0,0,0.00,0.00,0.00,4417431990.22,7095664121.18,0.00,0.00
368.00,0,454294774,0,0,0,51,51,0,0,0,0,0,276,0,276,0,0,0,0,0.00,0.00,0.00,4417431990.22,7095664121.18,0.00,0.00
370.00,0,454294774,0,0,0,51,51,0,0,0,0,0,276,0,276,0,0,0,0,0.00,0.00,0.00,4417431990.22,7095664121.18,0.00,0.00
372.00,0,454294774,0,0,0,51,51,0,0,0,0,0,276,0,276,0,0,0,0,0.00,0.00,0.00,4417431990.22,7095664121.18,0.00,0.00
374.00,0,454294774,0,0,0,51,51,0,0,0,0,0,276,0,276,0,0,0,0,0.00,0.00,0.00,4417431990.22,7095664121.18,0.00,0.00
376.00,0,454294774,0,0,0,51,51,0,0,0,0,0,276,0,276,0,0,0,0,0.00,0.00,0.00,4417431990.22,7095664121.18,0.00,0.00
378.00,0,454294774,0,0,0,51,51,0,0,0,0,0,276,0,276,0,0,0,0,0.00,0.00,0.00,4417431990.22,7095664121.18,0.00,0.00
380.00,0,454294774,0,0,0,51,51,0,0,0,0,0,276,0,276,0,0,0,0,0.00,0.00,0.00,4417431990.22,7095664121.18,0.00,0.00
382.00,0,454294774,0,0,0,51,51,0,0,0,0,0,276,0,276,0,0,0,0,0.00,0.00,0.00,4417431990.22,7095664121.18,0.00,0.00
384.00,0,454294774,0,0,0,51,51,0,0,0,0,0,276,0,276,0,0,0,0,0.00,0.00,0.00,4417431990.22,7095664121.18,0.00,0.00
386.00,0,454294774,0,0,0,51,51,0,0,0,0,0,276,0,276,0,0,0,0,0.00,0.00,0.00,4417431990.22,7095664121.18,0.00,0.00
388.00,0,454294774,0,0,0,51,51,0,0,0,0,0,276,0,276,0,0,0,0,0.00,0.00,0.00,4417431990.22,7095664121.18,0.00,0.00
390.00,0,454294774,0,0,0,51,51,0,0,0,0,0,276,0,276,0,0,0,0,0.00,0.00,0.00,4417431990.22,7095664121.18,0.00,0.00
392.00,0,454294774,0,0,0,51,51,0,0,0,0,0,276,0,276,0,0,0,0,0.00,0.00,0.00,4417431990.22,7095664121.18,0.00,0.00
394.00,0,454294774,0,0,0,51,51,0,0,0,0,0,276,0,276,0,0,0,0,0.00,0.00,0.00,4417431990.22,7095664121.18,0.00,0.00
396.00,0,454294774,0,0,0,51,51,0,0,0,0,0,276,0,276,0,0,0,0,0.00,0.00,0.00,4417431990.22,7095664121.18,0.00,0.00
398.00,0,454294774,0,0,0,51,51,0,0,0,0,0,276,0,276,0,0,0,0,0.00,0.00,0.00,4417431990.22,7095664121.18,0.00,0.00
400.00,0,454294774,0,0,0,51,51,0,0,0,0,0,276,0,276,0,0,0,0,0.00,0.00,0.00,4417431990.22,7095664121.18,0.00,0.00
402.00,0,454294774,0,0,0,51,51,0,0,0,0,0,276,0,276,0,0,0,0,0.00,0.00,0.00,4417431990.22,7095664121.18,0.00,0.00
404.00,0,454294774,0,0,0,51,51,0,0,0,0,0,276,0,276,0,0,0,0,0.00,0.00,0.00,4417431990.22,7095664121.18,0.00,0.00
406.00,0,454294774,0,0,0,51,51,0,0,0,0,0,276,0,276,0,0,0,0,0.00,0.00,0.00,4417431990.22,7095664121.18,0.00,0.00
408.00,0,454294774,0,0,0,51,51,0,0,0,0,0,276,0,276,0,0,0,0,0.00,0.00,0.00,4417431990.22,7095664121.18,0.00,0.00
410.00,0,454294774,0,0,0,51,51,0,0,0,0,0,276,0,276,0,0,0,0,0.00,0.00,0.00,4417431990.22,7095664121.18,0.00,0.00
412.00,0,454294774,0,0,0,51,51,0,0,0,0,0,276,0,276,0,0,0,0,0.00,0.00,0.00,4417431990.22,7095664121.18,0.00,0.00
414.00,0,454294774,0,0,0,51,51,0,0,0,0,0,276,0,276,0,0,0,0,0.00,0.00,0.00,4417431990.22,7095664121.18,0.00,0.00
416.00,0,454294774,0,0,0,51,51,0,0,0,0,0,276,0,276,0,0,0,0,0.00,0.00,0.00,4417431990.22,7095664121.18,0.00,0.00
418.00,0,454294774,0,0,0,51,51,0,0,0,0,0,276,0,276,0,0,0,0,0.00,0.00,0.00,4417431990.22,7095664121.18,0.00,0.00
420.00,0,454294774,0,0,0,51,51,0,0,0,0,0,276,0,276,0,0,0,0,0.00,0.00,0.00,4417431990.22,7095664121.18,0.00,0.00
422.00,0,454294774,0,0,0,51,51,0,0,0,0,0,276,0,276,0,0,0,0,0.00,0.00,0.00,4417431990.22,7095664121.18,0.00,0.00
424.00,0,454294774,0,0,0,51,51,0,0,0,0,0,276,0,276,0,0,0,0,0.00,0.00,0.00,4417431990.22,7095664121.18,0.00,0.00
426.00,0,454294774,0,0,0,51,51,0,0,0,0,0,276,0,276,0,0,0,0,0.00,0.00,0.00,4417431990.22,7095664121.18,0.00,0.00
428.00,0,454294774,0,0,0,51,51,0,0,0,0,0,276,0,276,0,0,0,0,0.00,0.00,0.00,4417431990.22,7095664121.18,0.00,0.00
430.00,0,454294774,0,0,0,51,51,0,0,0,0,0,276,0,276,0,0,0,0,0.00,0.00,0.00,4417431990.22,7095664121.18,0.00,0.00
432.00,0,454294774,0,0,0,51,51,0,0,0,0,0,276,0,276,0,0,0,0,0.00,0.00,0.00,4417431990.22,7095664121.18,0.00,0.00
434.00,0,454294774,0,0,0,51,51,0,0,0,0,0,276,0,276,0,0,0,0,0.00,0.00,0.00,4417431990.22,7095664121.18,0.00,0.00
436.00,0,454294774,0,0,0,51,51,0,0,0,0,0,276,0,276,0,0,0,0,0.00,0.00,0.00,4417431990.22,7095664121.18,0.00,0.00
438.00,0,454294774,0,0,0,51,51,0,0,0,0,0,276,0,276,0,0,0,0,0.00,0.00,0.00,4417431990.22,7095664121.18,0.00,0.00
440.00,0,454294774,0,0,0,51,51,0,0,0,0,0,276,0,276,0,0,0,0,0.00,0.00,0.00,4417431990.22,7095664121.18,0.00,0.00
442.00,0,454294774,0,0,0,51,51,0,0,0,0,0,276,0,276,0,0,0,0,0.00,0.00,0.00,4417431990.22,7095664121.18,0.00,0.00
444.00,0,454294774,0,0,0,51,51,0,0,0,0,0,276,0,276,0,0,0,0,0.00,0.00,0.00,4417431990.22,7095664121.18,0.00,0.00
446.00,0,454294774,0,0,0,51,51,0,0,0,0,0,276,0,276,0,0,0,0,0.00,0.00,0.00,4417431990.22,7095664121.18,0.00,0.00
448.00,0,454294774,0,0,0,51,51,0,0,0,0,0,276,0,276,0,0,0,0,0.00,0.00,0.00,4417431990.22,7095664121.18,0.00,0.00
450.00,0,454294774,0,0,0,51,51,0,0,0,0,0,276,0,276,0,0,0,0,0.00,0.00,0.00,4417431990.22,7095664121.18,0.00,0.00
452.00,0,454294774,0,0,0,51,51,0,0,0,0,0,276,0,276,0,0,0,0,0.00,0.00,0.00,4417431990.22,7095664121.18,0.00,0.00
454.00,0,454294774,0,0,0,51,51,0,0,0,0,0,276,0,276,0,0,0,0,0.00,0.00,0.00,4417431990.22,7095664121.18,0.00,0.00
456.00,0,454294774,0,0,0,51,51,0,0,0,0,0,276,0,276,0,0,0,0,0.00,0.00,0.00,4417431990.22,7095664121.18,0.00,0.00
458.00,0,454294774,0,0,0,51,51,0,0,0,0,0,276,0,276,0,0,0,0,0.00,0.00,0.00,4417431990.22,7095664121.18,0.00,0.00
460.00,0,454294774,0,0,0,51,51,0,0,0,0,0,276,0,276,0,0,0,0,0.00,0.00,0.00,4417431990.22,7095664121.18,0.00,0.00
462.00,0,454294774,0,0,0,51,51,0,0,0,0,0,276,0,276,0,0,0,0,0.00,0.00,0.00,4417431990.22,7095664121.18,0.00,0.00
464.00,0,454294774,0,0,0,51,51,0,0,0,0,0,276,0,276,0,0,0,0,0.00,0.00,0.00,4417431990.22,7095664121.18,0.00,0.00
466.00,0,454294774,0,0,0,51,51,0,0,0,0,0,276,0,276,0,0,0,0,0.00,0.00,0.00,4417431990.22,7095664121.18,0.00,0.00
468.00,0,454294774,0,0,0,51,51,0,0,0,0,0,276,0,276,0,0,0,0,0.00,0.00,0.00,4417431990.22,7095664121.18,0.00,0.00
470.00,0,454294774,0,0,0,51,51,0,0,0,0,0,276,0,276,0,0,0,0,0.00,0.00,0.00,4417431990.22,7095664121.18,0.00,0.00
472.00,0,454294774,0,0,0,51,51,0,0,0,0,0,276,0,276,0,0,0,0,0.00,0.00,0.00,4417431990.22,7095664121.18,0.00,0.00
474.00,0,454294774,0,0,0,51,51,0,0,0,0,0,276,0,276,0,0,0,0,0.00,0.00,0.00,4417431990.22,7095664121.18,0.00,0.00
476.00,0,454294774,0,0,0,51,51,0,0,0,0,0,276,0,276,0,0,0,0,0.00,0.00,0.00,4417431990.22,7095664121.18,0.00,0.00
478.00,0,454294774,0,0,0,51,51,0,0,0,0,0,276,0,276,0,0,0,0,0.00,0.00,0.00,4417431990.22,7095664121.18,0.00,0.00
480.00,0,454294774,0,0,0,51,51,0,0,0,0,0,276,0,276,0,0,0,0,0.00,0.00,0.00,4417431990.22,7095664121.18,0.00,0.00
482.00,0,454294774,0,0,0,51,51,0,0,0,0,0,276,0,276,0,0,0,0,0.00,0.00,0.00,4417431990.22,7095664121.18,0.00,0.00
484.00,0,454294774,0,0,0,51,51,0,0,0,0,0,276,0,276,0,0,0,0,0.00,0.00,0.00,4417431990.22,7095664121.18,0.00,0.00
486.00,0,454294774,0,0,0,51,51,0,0,0,0,0,276,0,276,0,0,0,0,0.00,0.00,0.00,4417431990.22,7095664121.18,0.00,0.00
488.00,0,454294774,0,0,0,51,51,0,0,0,0,0,276,0,276,0,0,0,0,0.00,0.00,0.00,4417431990.22,7095664121.18,0.00,0.00
490.00,0,454294774,0,0,0,51,51,0,0,0,0,0,276,0,276,0,0,0,0,0.00,0.00,0.00,4417431990.22,7095664121.18,0.00,0.00
492.00,0,454294774,0,0,0,51,51,0,0,0,0,0,276,0,276,0,0,0,0,0.00,0.00,0.00,4417431990.22,7095664121.18,0.00,0.00
494.00,0,454294774,0,0,0,51,51,0,0,0,0,0,276,0,276,0,0,0,0,0.00,0.00,0.00,4417431990.22,7095664121.18,0.00,0.00
496.00,0,454294774,0,0,0,51,51,0,0,0,0,0,276,0,276,0,0,0,0,0.00,0.00,0.00,4417431990.22,7095664121.18,0.00,0.00
498.00,0,454294774,0,0,0,51,51,0,0,0,0,0,276,0,276,0,0,0,0,0.00,0.00,0.00,4417431990.22,7095664121.18,0.00,0.00
500.00,0,454294774,0,0,0,51,51,0,0,0,0,0,276,0,276,0,0,0,0,0.00,0.00,0.00,4417431990.22,7095664121.18,0.00,0.00
502.00,0,454294774,0,0,0,51,51,0,0,0,0,0,276,0,276,0,0,0,0,0.00,0.00,0.00,4417431990.22,7095664121.18,0.00,0.00
504.00,0,454294774,0,0,0,51,51,0,0,0,0,0,276,0,276,0,0,0,0,0.00,0.00,0.00,4417431990.22,7095664121.18,0.00,0.00
506.00,0,454294774,0,0,0,51,51,0,0,0,0,0,276,0,276,0,0,0,0,0.00,0.00,0.00,4417431990.22,7095664121.18,0.00,0.00
508.00,0,454294774,0,0,0,51,51,0,0,0,0,0,276,0,276,0,0,0,0,0.00,0.00,0.00,4417431990.22,7095664121.18,0.00,0.00
510.00,0,454294774,0,0,0,51,51,0,0,0,0,0,276,0,276,0,0,0,0,0.00,0.00,0.00,4417431990.22,7095664121.18,0.00,0.00
512.00,0,454294774,0,0,0,51,51,0,0,0,0,0,276,0,276,0,0,0,0,0.00,0.00,0.00,4417431990.22,7095664121.18,0.00,0.00
514.00,0,454294774,0,0,0,51,51,0,0,0,0,0,276,0,276,0,0,0,0,0.00,0.00,0.00,4417431990.22,7095664121.18,0.00,0.00
516.00,0,454294774,0,0,0,51,51,0,0,0,0,0,276,0,276,0,0,0,0,0.00,0.00,0.00,4417431990.22,7095664121.18,0.00,0.00
518.00,0,454294774,0,0,0,51,51,0,0,0,0,0,276,0,276,0,0,0,0,0.00,0.00,0.00,4417431990.22,7095664121.18,0.00,0.00
520.00,0,454294774,0,0,0,51,51,0,0,0,0,0,276,0,276,0,0,0,0,0.00,0.00,0.00,4417431990.22,7095664121.18,0.00,0.00
522.00,0,454294774,0,0,0,51,51,0,0,0,0,0,276,0,276,0,0,0,0,0.00,0.00,0.00,4417431990.22,7095664121.18,0.00,0.00
524.00,0,454294774,0,0,0,51,51,0,0,0,0,0,276,0,276,0,0,0,0,0.00,0.00,0.00,4417431990.22,7095664121.18,0.00,0.00
526.00,0,454294774,0,0,0,51,51,0,0,0,0,0,276,0,276,0,0,0,0,0.00,0.00,0.00,4417431990.22,7095664121.18,0.00,0.00
528.00,0,454294774,0,0,0,51,51,0,0,0,0,0,276,0,276,0,0,0,0,0.00,0.00,0.00,4417431990.22,7095664121.18,0.00,0.00
530.00,0,454294774,0,0,0,51,51,0,0,0,0,0,276,0,276,0,0,0,0,0.00,0.00,0.00,4417431990.22,7095664121.18,0.00,0.00
532.00,0,454294774,0,0,0,51,51,0,0,0,0,0,276,0,276,0,0,0,0,0.00,0.00,0.00,4417431990.22,7095664121.18,0.00,0.00
534.00,0,454294774,0,0,0,51,51,0,0,0,0,0,276,0,276,0,0,0,0,0.00,0.00,0.00,4417431990.22,7095664121.18,0.00,0.00
536.00,0,454294774,0,0,0,51,51,0,0,0,0,0,276,0,276,0,0,0,0,0.00,0.00,0.00,4417431990.22,7095664121.18,0.00,0.00
538.00,0,454294774,0,0,0,51,51,0,0,0,0,0,276,0,276,0,0,0,0,0.00,0.00,0.00,4417431990.22,7095664121.18,0.00,0.00
540.00,0,454294774,0,0,0,51,51,0,0,0,0,0,276,0,276,0,0,0,0,0.00,0.00,0.00,4417431990.22,7095664121.18,0.00,0.00
542.00,0,454294774,0,0,0,51,51,0,0,0,0,0,276,0,276,0,0,0,0,0.00,0.00,0.00,4417431990.22,7095664121.18,0.00,0.00
544.00,0,454294774,0,0,0,51,51,0,0,0,0,0,276,0,276,0,0,0,0,0.00,0.00,0.00,4417431990.22,7095664121.18,0.00,0.00
546.00,0,454294774,0,0,0,51,51,0,0,0,0,0,276,0,276,0,0,0,0,0.00,0.00,0.00,4417431990.22,7095664121.18,0.00,0.00
548.00,0,454294774,0,0,0,51,51,0,0,0,0,0,276,0,276,0,0,0,0,0.00,0.00,0.00,4417431990.22,7095664121.18,0.00,0.00
550.00,0,454294774,0,0,0,51,51,0,0,0,0,0,276,0,276,0,0,0,0,0.00,0.00,0.00,4417431990.22,7095664121.18,0.00,0.00
552.00,0,454294774,0,0,0,51,51,0,0,0,0,0,276,0,276,0,0,0,0,0.00,0.00,0.00,4417431990.22,7095664121.18,0.00,0.00
554.00,0,454294774,0,0,0,51,51,0,0,0,0,0,276,0,276,0,0,0,0,0.00,0.00,0.00,4417431990.22,7095664121.18,0.00,0.00
556.00,0,454294774,0,0,0,51,51,0,0,0,0,0,276,0,276,0,0,0,0,0.00,0.00,0.00,4417431990.22,7095664121.18,0.00,0.00
558.00,0,454294774,0,0,0,51,51,0,0,0,0,0,276,0,276,0,0,0,0,0.00,0.00,0.00,4417431990.22,7095664121.18,0.00,0.00
560.00,0,454294774,0,0,0,51,51,0,0,0,0,0,276,0,276,0,0,0,0,0.00,0.00,0.00,4417431990.22,7095664121.18,0.00,0.00
562.00,0,454294774,0,0,0,51,51,0,0,0,0,0,276,0,276,0,0,0,0,0.00,0.00,0.00,4417431990.22,7095664121.18,0.00,0.00
564.00,0,454294774,0,0,0,51,51,0,0,0,0,0,276,0,276,0,0,0,0,0.00,0.00,0.00,4417431990.22,7095664121.18,0.00,0.00
566.00,0,454294774,0,0,0,51,51,0,0,0,0,0,276,0,276,0,0,0,0,0.00,0.00,0.00,4417431990.22,7095664121.18,0.00,0.00
568.00,0,454294774,0,0,0,51,51,0,0,0,0,0,276,0,276,0,0,0,0,0.00,0.00,0.00,4417431990.22,7095664121.18,0.00,0.00
570.00,0,454294774,0,0,0,51,51,0,0,0,0,0,276,0,276,0,0,0,0,0.00,0.00,0.00,4417431990.22,7095664121.18,0.00,0.00
572.00,0,454294774,0,0,0,51,51,0,0,0,0,0,276,0,276,0,0,0,0,0.00,0.00,0.00,4417431990.22,7095664121.18,0.00,0.00
574.00,0,454294774,0,0,0,51,51,0,0,0,0,0,276,0,276,0,0,0,0,0.00,0.00,0.00,4417431990.22,7095664121.18,0.00,0.00
576.00,0,454294774,0,0,0,51,51,0,0,0,0,0,276,0,276,0,0,0,0,0.00,0.00,0.00,4417431990.22,7095664121.18,0.00,0.00
578.00,0,454294774,0,0,0,51,51,0,0,0,0,0,276,0,276,0,0,0,0,0.00,0.00,0.00,4417431990.22,7095664121.18,0.00,0.00
