time_sec,host_write_MB,cache_write_MB,backend_write_MB,gc_write_MB,host_write_delta_MB,cache_write_delta_MB,backend_write_delta_MB,gc_write_delta_MB,nvme_host_written_MB,nvme_media_written_MB,nvme_host_delta_MB,nvme_media_delta_MB,backend_nand_written_MB,backend_nand_delta_MB,cache_read_MB,backend_read_MB,fdp_waf,backend_waf,valid_blocks,write_hit_count,gc_victim_blocks,evict_victim_blocks,gc_count,evict_count,flush_count,gc_segments_allocated
2.00,0.00,0.00,0.00,0.00,0.00,0.00,0.00,0.00,0.00,0.00,0.00,0.00,0.00,0.00,0.00,0.00,1.0000,1.0000,0,0,0,0,0,0,0,0
4.00,0.00,0.00,0.00,0.00,0.00,0.00,0.00,0.00,1192573013.29,1280125564.21,0.00,0.00,1039043714.84,0.00,0.00,0.00,1.0000,1.0000,0,0,0,0,0,0,0,0
6.00,0.00,0.00,0.00,0.00,0.00,0.00,0.00,0.00,1192573013.29,1280125564.21,0.00,0.00,1039043714.84,0.00,0.00,0.00,1.0000,1.0000,0,0,0,0,0,0,0,0
8.00,0.00,0.00,0.00,0.00,0.00,0.00,0.00,0.00,1192573013.29,1280125564.21,0.00,0.00,1039043714.84,0.00,0.00,0.00,1.0000,1.0000,0,0,0,0,0,0,0,0
10.00,0.00,0.00,0.00,0.00,0.00,0.00,0.00,0.00,1192573013.29,1280125564.21,0.00,0.00,1039043714.84,0.00,0.00,0.00,1.0000,1.0000,0,0,0,0,0,0,0,0
12.00,0.00,0.00,0.00,0.00,0.00,0.00,0.00,0.00,1192573013.29,1280125564.21,0.00,0.00,1039043714.84,0.00,0.00,0.00,1.0000,1.0000,0,0,0,0,0,0,0,0
14.00,0.00,0.00,0.00,0.00,0.00,0.00,0.00,0.00,1192573013.29,1280125564.21,0.00,0.00,1039043714.84,0.00,0.00,0.00,1.0000,1.0000,0,0,0,0,0,0,0,0
16.00,0.00,0.00,0.00,0.00,0.00,0.00,0.00,0.00,1192573013.29,1280125564.21,0.00,0.00,1039043714.84,0.00,0.00,0.00,1.0000,1.0000,0,0,0,0,0,0,0,0
18.00,0.00,0.00,0.00,0.00,0.00,0.00,0.00,0.00,1192573013.29,1280125564.21,0.00,0.00,1039043714.84,0.00,0.00,0.00,1.0000,1.0000,0,0,0,0,0,0,0,0
20.00,0.00,0.00,0.00,0.00,0.00,0.00,0.00,0.00,1192573013.29,1280125564.21,0.00,0.00,1039043714.84,0.00,0.00,0.00,1.0000,1.0000,0,0,0,0,0,0,0,0
22.00,0.00,0.00,0.00,0.00,0.00,0.00,0.00,0.00,1192573013.29,1280125564.21,0.00,0.00,1039043714.84,0.00,0.00,0.00,1.0000,1.0000,0,0,0,0,0,0,0,0
24.00,0.00,0.00,0.00,0.00,0.00,0.00,0.00,0.00,1192573013.29,1280125564.21,0.00,0.00,1039043714.84,0.00,0.00,0.00,1.0000,1.0000,0,0,0,0,0,0,0,0
26.00,0.00,0.00,0.00,0.00,0.00,0.00,0.00,0.00,1192573013.29,1280125564.21,0.00,0.00,1039043714.84,0.00,0.00,0.00,1.0000,1.0000,0,0,0,0,0,0,0,0
28.00,0.00,0.00,0.00,0.00,0.00,0.00,0.00,0.00,1192573013.29,1280125564.21,0.00,0.00,1039043714.84,0.00,0.00,0.00,1.0000,1.0000,0,0,0,0,0,0,0,0
30.00,0.00,0.00,0.00,0.00,0.00,0.00,0.00,0.00,1192573013.29,1280125564.21,0.00,0.00,1039043714.84,0.00,0.00,0.00,1.0000,1.0000,0,0,0,0,0,0,0,0
32.00,0.00,0.00,0.00,0.00,0.00,0.00,0.00,0.00,1192573013.29,1280586972.54,0.00,461408.33,1039043714.84,0.00,0.00,0.00,1.0000,1.0000,0,0,0,0,0,0,0,0
34.00,0.00,0.00,0.00,0.00,0.00,0.00,0.00,0.00,1192573013.29,1280586972.54,0.00,0.00,1039043714.84,0.00,0.00,0.00,1.0000,1.0000,0,0,0,0,0,0,0,0
36.00,0.00,0.00,0.00,0.00,0.00,0.00,0.00,0.00,1192573013.29,1280586972.54,0.00,0.00,1039043714.84,0.00,0.00,0.00,1.0000,1.0000,0,0,0,0,0,0,0,0
38.00,0.00,0.00,0.00,0.00,0.00,0.00,0.00,0.00,1192573013.29,1280586972.54,0.00,0.00,1039043714.84,0.00,0.00,0.00,1.0000,1.0000,0,0,0,0,0,0,0,0
40.00,0.00,0.00,0.00,0.00,0.00,0.00,0.00,0.00,1192573013.29,1280586972.54,0.00,0.00,1039043714.84,0.00,0.00,0.00,1.0000,1.0000,0,0,0,0,0,0,0,0
42.00,0.00,0.00,0.00,0.00,0.00,0.00,0.00,0.00,1192573013.29,1280586972.54,0.00,0.00,1039043714.84,0.00,0.00,0.00,1.0000,1.0000,0,0,0,0,0,0,0,0
44.00,0.00,0.00,0.00,0.00,0.00,0.00,0.00,0.00,1192573013.29,1280586972.54,0.00,0.00,1039043714.84,0.00,0.00,0.00,1.0000,1.0000,0,0,0,0,0,0,0,0
46.00,0.00,0.00,0.00,0.00,0.00,0.00,0.00,0.00,1192573013.29,1280586972.54,0.00,0.00,1039043714.84,0.00,0.00,0.00,1.0000,1.0000,0,0,0,0,0,0,0,0
48.00,0.00,0.00,0.00,0.00,0.00,0.00,0.00,0.00,1192573013.29,1280586972.54,0.00,0.00,1039043714.84,0.00,0.00,0.00,1.0000,1.0000,0,0,0,0,0,0,0,0
50.00,0.00,0.00,0.00,0.00,0.00,0.00,0.00,0.00,1192573013.29,1280586972.54,0.00,0.00,1039043714.84,0.00,0.00,0.00,1.0000,1.0000,0,0,0,0,0,0,0,0
52.00,0.00,0.00,0.00,0.00,0.00,0.00,0.00,0.00,1192573013.29,1280586972.54,0.00,0.00,1039043714.84,0.00,0.00,0.00,1.0000,1.0000,0,0,0,0,0,0,0,0
54.00,0.00,0.00,0.00,0.00,0.00,0.00,0.00,0.00,1192573013.29,1280586972.54,0.00,0.00,1039043714.84,0.00,0.00,0.00,1.0000,1.0000,0,0,0,0,0,0,0,0
56.00,0.00,0.00,0.00,0.00,0.00,0.00,0.00,0.00,1192573013.29,1280586972.54,0.00,0.00,1039043714.84,0.00,0.00,0.00,1.0000,1.0000,0,0,0,0,0,0,0,0
58.00,0.00,0.00,0.00,0.00,0.00,0.00,0.00,0.00,1192573013.29,1280586972.54,0.00,0.00,1039043714.84,0.00,0.00,0.00,1.0000,1.0000,0,0,0,0,0,0,0,0
60.00,0.00,0.00,0.00,0.00,0.00,0.00,0.00,0.00,1192573013.29,1280586972.54,0.00,0.00,1039043714.84,0.00,0.00,0.00,1.0000,1.0000,0,0,0,0,0,0,0,0
62.00,0.00,0.00,0.00,0.00,0.00,0.00,0.00,0.00,1192573013.29,1280586972.54,0.00,0.00,1039043714.84,0.00,0.00,0.00,1.0000,1.0000,0,0,0,0,0,0,0,0
64.00,0.00,0.00,0.00,0.00,0.00,0.00,0.00,0.00,1192573013.29,1280586972.54,0.00,0.00,1039043714.84,0.00,0.00,0.00,1.0000,1.0000,0,0,0,0,0,0,0,0
66.00,0.00,0.00,0.00,0.00,0.00,0.00,0.00,0.00,1192573013.29,1280586972.54,0.00,0.00,1039043714.84,0.00,0.00,0.00,1.0000,1.0000,0,0,0,0,0,0,0,0
68.00,0.00,0.00,0.00,0.00,0.00,0.00,0.00,0.00,1192573013.29,1280586972.54,0.00,0.00,1039043714.84,0.00,0.00,0.00,1.0000,1.0000,0,0,0,0,0,0,0,0
70.00,0.00,0.00,0.00,0.00,0.00,0.00,0.00,0.00,1192573013.29,1280586972.54,0.00,0.00,1039043714.84,0.00,0.00,0.00,1.0000,1.0000,0,0,0,0,0,0,0,0
72.00,0.00,0.00,0.00,0.00,0.00,0.00,0.00,0.00,1192573013.29,1280586972.54,0.00,0.00,1039043714.84,0.00,0.00,0.00,1.0000,1.0000,0,0,0,0,0,0,0,0
74.00,0.00,0.00,0.00,0.00,0.00,0.00,0.00,0.00,1192573013.29,1280586972.54,0.00,0.00,1039043714.84,0.00,0.00,0.00,1.0000,1.0000,0,0,0,0,0,0,0,0
76.00,0.00,0.00,0.00,0.00,0.00,0.00,0.00,0.00,1192573013.29,1280586972.54,0.00,0.00,1039043714.84,0.00,0.00,0.00,1.0000,1.0000,0,0,0,0,0,0,0,0
78.00,0.00,0.00,0.00,0.00,0.00,0.00,0.00,0.00,1192573013.29,1280586972.54,0.00,0.00,1039043714.84,0.00,0.00,0.00,1.0000,1.0000,0,0,0,0,0,0,0,0
80.00,0.00,0.00,0.00,0.00,0.00,0.00,0.00,0.00,1192573013.29,1280586972.54,0.00,0.00,1039043714.84,0.00,0.00,0.00,1.0000,1.0000,0,0,0,0,0,0,0,0
82.00,0.00,0.00,0.00,0.00,0.00,0.00,0.00,0.00,1192573013.29,1280586972.54,0.00,0.00,1039043714.84,0.00,0.00,0.00,1.0000,1.0000,0,0,0,0,0,0,0,0
84.00,0.00,0.00,0.00,0.00,0.00,0.00,0.00,0.00,1192573013.29,1280586972.54,0.00,0.00,1039043714.84,0.00,0.00,0.00,1.0000,1.0000,0,0,0,0,0,0,0,0
86.00,0.00,0.00,0.00,0.00,0.00,0.00,0.00,0.00,1192573013.29,1280586972.54,0.00,0.00,1039043714.84,0.00,0.00,0.00,1.0000,1.0000,0,0,0,0,0,0,0,0
88.00,0.00,0.00,0.00,0.00,0.00,0.00,0.00,0.00,1192573013.29,1280586972.54,0.00,0.00,1039043714.84,0.00,0.00,0.00,1.0000,1.0000,0,0,0,0,0,0,0,0
90.00,0.00,0.00,0.00,0.00,0.00,0.00,0.00,0.00,1192573013.29,1280586972.54,0.00,0.00,1039043714.84,0.00,0.00,0.00,1.0000,1.0000,0,0,0,0,0,0,0,0
92.00,0.00,0.00,0.00,0.00,0.00,0.00,0.00,0.00,1192573013.29,1280586972.54,0.00,0.00,1039043714.84,0.00,0.00,0.00,1.0000,1.0000,0,0,0,0,0,0,0,0
94.00,0.00,0.00,0.00,0.00,0.00,0.00,0.00,0.00,1192573013.29,1280586972.54,0.00,0.00,1039043714.84,0.00,0.00,0.00,1.0000,1.0000,0,0,0,0,0,0,0,0
96.00,0.00,0.00,0.00,0.00,0.00,0.00,0.00,0.00,1192573013.29,1280586972.54,0.00,0.00,1039043714.84,0.00,0.00,0.00,1.0000,1.0000,0,0,0,0,0,0,0,0
98.00,0.00,0.00,0.00,0.00,0.00,0.00,0.00,0.00,1192573013.29,1280586972.54,0.00,0.00,1039043714.84,0.00,0.00,0.00,1.0000,1.0000,0,0,0,0,0,0,0,0
100.00,0.00,0.00,0.00,0.00,0.00,0.00,0.00,0.00,1192573013.29,1280586972.54,0.00,0.00,1039043714.84,0.00,0.00,0.00,1.0000,1.0000,0,0,0,0,0,0,0,0
102.00,0.00,0.00,0.00,0.00,0.00,0.00,0.00,0.00,1192573013.29,1280586972.54,0.00,0.00,1039043714.84,0.00,0.00,0.00,1.0000,1.0000,0,0,0,0,0,0,0,0
104.00,0.00,0.00,0.00,0.00,0.00,0.00,0.00,0.00,1192573013.29,1280586972.54,0.00,0.00,1039043714.84,0.00,0.00,0.00,1.0000,1.0000,0,0,0,0,0,0,0,0
106.00,0.00,0.00,0.00,0.00,0.00,0.00,0.00,0.00,1192573013.29,1280586972.54,0.00,0.00,1039043714.84,0.00,0.00,0.00,1.0000,1.0000,0,0,0,0,0,0,0,0
108.00,0.00,0.00,0.00,0.00,0.00,0.00,0.00,0.00,1192573013.29,1280586972.54,0.00,0.00,1039043714.84,0.00,0.00,0.00,1.0000,1.0000,0,0,0,0,0,0,0,0
110.00,0.00,0.00,0.00,0.00,0.00,0.00,0.00,0.00,1192573013.29,1280586972.54,0.00,0.00,1039043714.84,0.00,0.00,0.00,1.0000,1.0000,0,0,0,0,0,0,0,0
112.00,0.00,0.00,0.00,0.00,0.00,0.00,0.00,0.00,1192573013.29,1280586972.54,0.00,0.00,1039043714.84,0.00,0.00,0.00,1.0000,1.0000,0,0,0,0,0,0,0,0
114.00,0.00,0.00,0.00,0.00,0.00,0.00,0.00,0.00,1192573013.29,1280586972.54,0.00,0.00,1039043714.84,0.00,0.00,0.00,1.0000,1.0000,0,0,0,0,0,0,0,0
116.00,0.00,0.00,0.00,0.00,0.00,0.00,0.00,0.00,1192573013.29,1280586972.54,0.00,0.00,1039043714.84,0.00,0.00,0.00,1.0000,1.0000,0,0,0,0,0,0,0,0
118.00,0.00,0.00,0.00,0.00,0.00,0.00,0.00,0.00,1192573013.29,1280586972.54,0.00,0.00,1039043714.84,0.00,0.00,0.00,1.0000,1.0000,0,0,0,0,0,0,0,0
120.00,0.00,0.00,0.00,0.00,0.00,0.00,0.00,0.00,1192573013.29,1280586972.54,0.00,0.00,1039043714.84,0.00,0.00,0.00,1.0000,1.0000,0,0,0,0,0,0,0,0
122.00,0.00,0.00,0.00,0.00,0.00,0.00,0.00,0.00,1192573013.29,1280586972.54,0.00,0.00,1039043714.84,0.00,0.00,0.00,1.0000,1.0000,0,0,0,0,0,0,0,0
124.00,0.00,0.00,0.00,0.00,0.00,0.00,0.00,0.00,1192573013.29,1280586972.54,0.00,0.00,1039043714.84,0.00,0.00,0.00,1.0000,1.0000,0,0,0,0,0,0,0,0
126.00,0.00,0.00,0.00,0.00,0.00,0.00,0.00,0.00,1192573013.29,1280586972.54,0.00,0.00,1039043714.84,0.00,0.00,0.00,1.0000,1.0000,0,0,0,0,0,0,0,0
128.00,0.00,0.00,0.00,0.00,0.00,0.00,0.00,0.00,1192573013.29,1280586972.54,0.00,0.00,1039043714.84,0.00,0.00,0.00,1.0000,1.0000,0,0,0,0,0,0,0,0
130.00,0.00,0.00,0.00,0.00,0.00,0.00,0.00,0.00,1192573013.29,1280586972.54,0.00,0.00,1039043714.84,0.00,0.00,0.00,1.0000,1.0000,0,0,0,0,0,0,0,0
132.00,0.00,0.00,0.00,0.00,0.00,0.00,0.00,0.00,1192573013.29,1280586972.54,0.00,0.00,1039043714.84,0.00,0.00,0.00,1.0000,1.0000,0,0,0,0,0,0,0,0
134.00,0.00,0.00,0.00,0.00,0.00,0.00,0.00,0.00,1192573013.29,1280586972.54,0.00,0.00,1039043714.84,0.00,0.00,0.00,1.0000,1.0000,0,0,0,0,0,0,0,0
136.00,0.00,0.00,0.00,0.00,0.00,0.00,0.00,0.00,1192573013.29,1280586972.54,0.00,0.00,1039043714.84,0.00,0.00,0.00,1.0000,1.0000,0,0,0,0,0,0,0,0
138.00,0.00,0.00,0.00,0.00,0.00,0.00,0.00,0.00,1192573013.29,1280586972.54,0.00,0.00,1039043714.84,0.00,0.00,0.00,1.0000,1.0000,0,0,0,0,0,0,0,0
140.00,0.00,0.00,0.00,0.00,0.00,0.00,0.00,0.00,1192573013.29,1280586972.54,0.00,0.00,1039043714.84,0.00,0.00,0.00,1.0000,1.0000,0,0,0,0,0,0,0,0
142.00,0.00,0.00,0.00,0.00,0.00,0.00,0.00,0.00,1192573013.29,1280586972.54,0.00,0.00,1039043714.84,0.00,0.00,0.00,1.0000,1.0000,0,0,0,0,0,0,0,0
144.00,0.00,0.00,0.00,0.00,0.00,0.00,0.00,0.00,1192573013.29,1280586972.54,0.00,0.00,1039043714.84,0.00,0.00,0.00,1.0000,1.0000,0,0,0,0,0,0,0,0
146.00,0.00,0.00,0.00,0.00,0.00,0.00,0.00,0.00,1192573013.29,1280586972.54,0.00,0.00,1039043714.84,0.00,0.00,0.00,1.0000,1.0000,0,0,0,0,0,0,0,0
148.00,0.00,0.00,0.00,0.00,0.00,0.00,0.00,0.00,1192573013.29,1280586972.54,0.00,0.00,1039043714.84,0.00,0.00,0.00,1.0000,1.0000,0,0,0,0,0,0,0,0
150.00,0.00,0.00,0.00,0.00,0.00,0.00,0.00,0.00,1192573013.29,1280586972.54,0.00,0.00,1039043714.84,0.00,0.00,0.00,1.0000,1.0000,0,0,0,0,0,0,0,0
152.00,0.00,0.00,0.00,0.00,0.00,0.00,0.00,0.00,1192573013.29,1280586972.54,0.00,0.00,1039043714.84,0.00,0.00,0.00,1.0000,1.0000,0,0,0,0,0,0,0,0
154.00,0.00,0.00,0.00,0.00,0.00,0.00,0.00,0.00,1192573013.29,1280586972.54,0.00,0.00,1039043714.84,0.00,0.00,0.00,1.0000,1.0000,0,0,0,0,0,0,0,0
156.00,0.00,0.00,0.00,0.00,0.00,0.00,0.00,0.00,1192573013.29,1280586972.54,0.00,0.00,1039043714.84,0.00,0.00,0.00,1.0000,1.0000,0,0,0,0,0,0,0,0
158.00,0.00,0.00,0.00,0.00,0.00,0.00,0.00,0.00,1192573013.29,1280586972.54,0.00,0.00,1039043714.84,0.00,0.00,0.00,1.0000,1.0000,0,0,0,0,0,0,0,0
160.00,0.00,0.00,0.00,0.00,0.00,0.00,0.00,0.00,1192573013.29,1280586972.54,0.00,0.00,1039043714.84,0.00,0.00,0.00,1.0000,1.0000,0,0,0,0,0,0,0,0
162.00,0.00,0.00,0.00,0.00,0.00,0.00,0.00,0.00,1192573013.29,1280586972.54,0.00,0.00,1039043714.84,0.00,0.00,0.00,1.0000,1.0000,0,0,0,0,0,0,0,0
164.00,0.00,0.00,0.00,0.00,0.00,0.00,0.00,0.00,1192573013.29,1280586972.54,0.00,0.00,1039043714.84,0.00,0.00,0.00,1.0000,1.0000,0,0,0,0,0,0,0,0
166.00,0.00,0.00,0.00,0.00,0.00,0.00,0.00,0.00,1192573013.29,1280586972.54,0.00,0.00,1039043714.84,0.00,0.00,0.00,1.0000,1.0000,0,0,0,0,0,0,0,0
168.00,0.00,0.00,0.00,0.00,0.00,0.00,0.00,0.00,1192573013.29,1280586972.54,0.00,0.00,1039043714.84,0.00,0.00,0.00,1.0000,1.0000,0,0,0,0,0,0,0,0
170.00,0.00,0.00,0.00,0.00,0.00,0.00,0.00,0.00,1192573013.29,1280586972.54,0.00,0.00,1039043714.84,0.00,0.00,0.00,1.0000,1.0000,0,0,0,0,0,0,0,0
172.00,0.00,0.00,0.00,0.00,0.00,0.00,0.00,0.00,1192573013.29,1280586972.54,0.00,0.00,1039043714.84,0.00,0.00,0.00,1.0000,1.0000,0,0,0,0,0,0,0,0
174.00,0.00,0.00,0.00,0.00,0.00,0.00,0.00,0.00,1192573013.29,1280586972.54,0.00,0.00,1039043714.84,0.00,0.00,0.00,1.0000,1.0000,0,0,0,0,0,0,0,0
176.00,0.00,0.00,0.00,0.00,0.00,0.00,0.00,0.00,1192573013.29,1280586972.54,0.00,0.00,1039043714.84,0.00,0.00,0.00,1.0000,1.0000,0,0,0,0,0,0,0,0
178.00,0.00,0.00,0.00,0.00,0.00,0.00,0.00,0.00,1192573013.29,1280586972.54,0.00,0.00,1039043714.84,0.00,0.00,0.00,1.0000,1.0000,0,0,0,0,0,0,0,0
180.00,0.00,0.00,0.00,0.00,0.00,0.00,0.00,0.00,1192573013.29,1280586972.54,0.00,0.00,1039043714.84,0.00,0.00,0.00,1.0000,1.0000,0,0,0,0,0,0,0,0
182.00,0.00,0.00,0.00,0.00,0.00,0.00,0.00,0.00,1192573013.29,1280586972.54,0.00,0.00,1039043714.84,0.00,0.00,0.00,1.0000,1.0000,0,0,0,0,0,0,0,0
184.00,0.00,0.00,0.00,0.00,0.00,0.00,0.00,0.00,1192573013.29,1280586972.54,0.00,0.00,1039043714.84,0.00,0.00,0.00,1.0000,1.0000,0,0,0,0,0,0,0,0
186.00,0.00,0.00,0.00,0.00,0.00,0.00,0.00,0.00,1192573013.29,1280586972.54,0.00,0.00,1039043714.84,0.00,0.00,0.00,1.0000,1.0000,0,0,0,0,0,0,0,0
188.00,0.00,0.00,0.00,0.00,0.00,0.00,0.00,0.00,1192573013.29,1280586972.54,0.00,0.00,1039043714.84,0.00,0.00,0.00,1.0000,1.0000,0,0,0,0,0,0,0,0
190.00,0.00,0.00,0.00,0.00,0.00,0.00,0.00,0.00,1192573013.29,1280586972.54,0.00,0.00,1039043714.84,0.00,0.00,0.00,1.0000,1.0000,0,0,0,0,0,0,0,0
192.00,0.00,0.00,0.00,0.00,0.00,0.00,0.00,0.00,1192573013.29,1280586972.54,0.00,0.00,1039043714.84,0.00,0.00,0.00,1.0000,1.0000,0,0,0,0,0,0,0,0
194.00,0.00,0.00,0.00,0.00,0.00,0.00,0.00,0.00,1192573013.29,1280586972.54,0.00,0.00,1039043714.84,0.00,0.00,0.00,1.0000,1.0000,0,0,0,0,0,0,0,0
196.00,0.00,0.00,0.00,0.00,0.00,0.00,0.00,0.00,1192573013.29,1280586972.54,0.00,0.00,1039043714.84,0.00,0.00,0.00,1.0000,1.0000,0,0,0,0,0,0,0,0
